uuid,geo_position,id,operates_from,operates_until,operator,slack,subnet,v_rated,v_target,volt_lvl
1ee9de9a-0095-4b58-beeb-e56fb908844a,"{""type"":""Point"",""coordinates"":[7.4116482,51.4843281],""crs"":{""type"":""name"",""properties"":{""name"":""EPSG:4326""}}}",NS_NET146_F1_(22),,,,false,146,0.4,1.0,Niederspannung
e80aa2db-f32c-410d-96a1-a32e03222568,"{""type"":""Point"",""coordinates"":[7.4116482,51.4843281],""crs"":{""type"":""name"",""properties"":{""name"":""EPSG:4326""}}}",NS_NET126_F2_(18),,,,false,126,0.4,1.0,Niederspannung
50164699-2018-4b17-b3f1-74b082f27403,"{""type"":""Point"",""coordinates"":[7.4116482,51.4843281],""crs"":{""type"":""name"",""properties"":{""name"":""EPSG:0""}}}",NS_NET126_F3_(7),,,,false,126,0.4,1.0,Niederspannung
61ee5ff6-eb38-4b27-a3f6-cb574d1f8b41,"{""type"":""Point"",""coordinates"":[7.4116482,51.4843281],""crs"":{""type"":""name"",""properties"":{""name"":""EPSG:0""}}}",NS_NET126_F3_(22),,,,false,126,0.4,1.0,Niederspannung
177a20fe-83b1-46df-94a3-4faa54348d10,"{""type"":""Point"",""coordinates"":[7.4116482,51.4843281],""crs"":{""type"":""name"",""properties"":{""name"":""EPSG:4326""}}}",NS_NET126_F2_(22),,,,false,126,0.4,1.0,Niederspannung
e3c3c6a3-c383-4dbb-9b3f-a14125615386,"{""type"":""Point"",""coordinates"":[7.4116482,51.4843281],""crs"":{""type"":""name"",""properties"":{""name"":""EPSG:4326""}}}",NS_NET146_F1_(6),,,,false,146,0.4,1.0,Niederspannung
00d03670-7833-47ee-ad52-04d18d1c64fd,"{""type"":""Point"",""coordinates"":[7.4116482,51.4843281],""crs"":{""type"":""name"",""properties"":{""name"":""EPSG:4326""}}}",HS_NET1_Station_1,,,,false,1,110.0,1.0,Hochspannung
922a6375-b97c-412e-a6c9-b0ea55a23f76,"{""type"":""Point"",""coordinates"":[7.4116482,51.4843281],""crs"":{""type"":""name"",""properties"":{""name"":""EPSG:4326""}}}",NS_NET126_F3_(19),,,,false,126,0.4,1.0,Niederspannung
4303784e-7193-454a-9be4-3591400b4eeb,"{""type"":""Point"",""coordinates"":[7.4116482,51.4843281],""crs"":{""type"":""name"",""properties"":{""name"":""EPSG:0""}}}",NS_NET126_F1_(1),,,,false,126,0.4,1.0,Niederspannung
86dfce49-05b2-4208-a6ae-877c3e98e6be,"{""type"":""Point"",""coordinates"":[7.4116482,51.4843281],""crs"":{""type"":""name"",""properties"":{""name"":""EPSG:0""}}}",MS3_05,,,,false,13,20.0,1.0,Mittelspannung
f5ae3279-fe21-4bb7-849a-eaacb0546b0e,"{""type"":""Point"",""coordinates"":[7.4116482,51.4843281],""crs"":{""type"":""name"",""properties"":{""name"":""EPSG:0""}}}",NS_NET146_F1_(35),,,,false,146,0.4,1.0,Niederspannung
196fe620-d4a7-45f9-93ad-0579e2bcbb9a,"{""type"":""Point"",""coordinates"":[7.4116482,51.4843281],""crs"":{""type"":""name"",""properties"":{""name"":""EPSG:4326""}}}",NS_NET126_F2_(1),,,,false,126,0.4,1.0,Niederspannung
f5839ade-5968-4879-a824-90b5fb3552cd,"{""type"":""Point"",""coordinates"":[7.4116482,51.4843281],""crs"":{""type"":""name"",""properties"":{""name"":""EPSG:0""}}}",MS1_01,,,,false,11,20.0,1.0,Mittelspannung
ead38a50-b8f7-4bbb-b65d-f54350825e8e,"{""type"":""Point"",""coordinates"":[7.4116482,51.4843281],""crs"":{""type"":""name"",""properties"":{""name"":""EPSG:4326""}}}",NS_NET146_F4_(1),,,,false,146,0.4,1.0,Niederspannung
4a6f6058-e654-464d-9367-2dca7185c6d7,"{""type"":""Point"",""coordinates"":[7.4116482,51.4843281],""crs"":{""type"":""name"",""properties"":{""name"":""EPSG:4326""}}}",NS_NET116_S3_1,,,,false,116,0.4,1.0,Niederspannung
ca3391eb-ca94-4945-ac72-e116f396f82c,"{""type"":""Point"",""coordinates"":[7.4116482,51.4843281],""crs"":{""type"":""name"",""properties"":{""name"":""EPSG:4326""}}}",NS_NET126_F1_(36),,,,false,126,0.4,1.0,Niederspannung
904c7476-5f16-4ec2-9138-7d5e32d38a3b,"{""type"":""Point"",""coordinates"":[7.4116482,51.4843281],""crs"":{""type"":""name"",""properties"":{""name"":""EPSG:4326""}}}",NS_NET146_F1_(39),,,,false,146,0.4,1.0,Niederspannung
b73208dd-f4a8-4e90-bf2d-7ea67a89525a,"{""type"":""Point"",""coordinates"":[7.4116482,51.4843281],""crs"":{""type"":""name"",""properties"":{""name"":""EPSG:4326""}}}",NS_NET146_F1_(14),,,,false,146,0.4,1.0,Niederspannung
c5457e35-ad81-4427-9d3a-99e4c44ccae8,"{""type"":""Point"",""coordinates"":[7.4116482,51.4843281],""crs"":{""type"":""name"",""properties"":{""name"":""EPSG:4326""}}}",NS_NET126_F2_(17),,,,false,126,0.4,1.0,Niederspannung
7125de08-1d28-409a-8b23-023a0294def5,"{""type"":""Point"",""coordinates"":[7.4116482,51.4843281],""crs"":{""type"":""name"",""properties"":{""name"":""EPSG:0""}}}",NS_NET126_F4_(17),,,,false,126,0.4,1.0,Niederspannung
d07dc1b0-e29a-452a-84c5-7df7b0bb3141,"{""type"":""Point"",""coordinates"":[7.4116482,51.4843281],""crs"":{""type"":""name"",""properties"":{""name"":""EPSG:0""}}}",NS_NET146_F3_(15),,,,false,146,0.4,1.0,Niederspannung
40537c84-c812-4231-bd23-0ba81922e937,"{""type"":""Point"",""coordinates"":[7.4116482,51.4843281],""crs"":{""type"":""name"",""properties"":{""name"":""EPSG:4326""}}}",NS_NET146_F2_(17),,,,false,146,0.4,1.0,Niederspannung
eb125953-31d3-4207-adf7-aba3a3790d6f,"{""type"":""Point"",""coordinates"":[7.4116482,51.4843281],""crs"":{""type"":""name"",""properties"":{""name"":""EPSG:0""}}}",NS_NET126_F3_(12),,,,false,126,0.4,1.0,Niederspannung
1a1e63f7-6196-4856-9f4e-876a44bdf2f8,"{""type"":""Point"",""coordinates"":[7.4116482,51.4843281],""crs"":{""type"":""name"",""properties"":{""name"":""EPSG:4326""}}}",NS_NET146_F1_(23),,,,false,146,0.4,1.0,Niederspannung
39112046-8953-4e73-a5d9-6a8183a77436,"{""type"":""Point"",""coordinates"":[7.4116482,51.4843281],""crs"":{""type"":""name"",""properties"":{""name"":""EPSG:4326""}}}",NS_NET116_S2_1,,,,false,116,0.4,1.0,Niederspannung
b7a5be0d-2662-41b2-99c6-3b8121a75e9e,"{""type"":""Point"",""coordinates"":[7.4116482,51.4843281],""crs"":{""type"":""name"",""properties"":{""name"":""EPSG:4326""}}}",NS_NET146_F3_(31),,,,false,146,0.4,1.0,Niederspannung
f2d03b34-9595-4819-a00b-ff9ddd92eb07,"{""type"":""Point"",""coordinates"":[7.4116482,51.4843281],""crs"":{""type"":""name"",""properties"":{""name"":""EPSG:0""}}}",NS_NET146_F4_(14),,,,false,146,0.4,1.0,Niederspannung
fd3b7bb8-3976-4441-9211-745243afd80f,"{""type"":""Point"",""coordinates"":[7.4116482,51.4843281],""crs"":{""type"":""name"",""properties"":{""name"":""EPSG:0""}}}",NS_NET146_F3_(32),,,,false,146,0.4,1.0,Niederspannung
9f95c733-71e2-4bf0-a27a-70144518ea2c,"{""type"":""Point"",""coordinates"":[7.4116482,51.4843281],""crs"":{""type"":""name"",""properties"":{""name"":""EPSG:4326""}}}",NS_NET146_F1_(30),,,,false,146,0.4,1.0,Niederspannung
9d7038e9-5bcc-4676-bead-46c4f1291ba8,"{""type"":""Point"",""coordinates"":[7.4116482,51.4843281],""crs"":{""type"":""name"",""properties"":{""name"":""EPSG:4326""}}}",NS_NET126_F2_(6),,,,false,126,0.4,1.0,Niederspannung
99e26ef8-75e2-46f3-aafc-6287bf5e3905,"{""type"":""Point"",""coordinates"":[7.4116482,51.4843281],""crs"":{""type"":""name"",""properties"":{""name"":""EPSG:4326""}}}",NS_NET126_F1_(6),,,,false,126,0.4,1.0,Niederspannung
17f7a477-d9c7-4f58-8ba0-1a2694dcc874,"{""type"":""Point"",""coordinates"":[7.4116482,51.4843281],""crs"":{""type"":""name"",""properties"":{""name"":""EPSG:4326""}}}",NS_NET126_F1_(34),,,,false,126,0.4,1.0,Niederspannung
85ea3976-1779-4d46-bd6f-dfd36427ebdf,"{""type"":""Point"",""coordinates"":[7.4116482,51.4843281],""crs"":{""type"":""name"",""properties"":{""name"":""EPSG:0""}}}",MS4_03,,,,false,14,20.0,1.0,Mittelspannung
154e9a99-467b-4f65-9928-8ebb14149baa,"{""type"":""Point"",""coordinates"":[7.4116482,51.4843281],""crs"":{""type"":""name"",""properties"":{""name"":""EPSG:0""}}}",NS_NET146_F1_(26),,,,false,146,0.4,1.0,Niederspannung
69efeb2d-9845-49ac-8500-5e017a7a64ef,"{""type"":""Point"",""coordinates"":[7.4116482,51.4843281],""crs"":{""type"":""name"",""properties"":{""name"":""EPSG:4326""}}}",NS_NET146_F2_(2),,,,false,146,0.4,1.0,Niederspannung
36cda100-86ae-4a20-ac71-20af603ac0cf,"{""type"":""Point"",""coordinates"":[7.4116482,51.4843281],""crs"":{""type"":""name"",""properties"":{""name"":""EPSG:0""}}}",NS_NET126_F1_(20),,,,false,126,0.4,1.0,Niederspannung
898d8295-bf35-4079-9374-99b059c2c956,"{""type"":""Point"",""coordinates"":[7.4116482,51.4843281],""crs"":{""type"":""name"",""properties"":{""name"":""EPSG:0""}}}",MS4_07,,,,false,14,20.0,1.0,Mittelspannung
c5af5a34-211a-4105-a8e1-f447140073c6,"{""type"":""Point"",""coordinates"":[7.4116482,51.4843281],""crs"":{""type"":""name"",""properties"":{""name"":""EPSG:4326""}}}",NS_NET136_S2_5,,,,false,136,0.4,1.0,Niederspannung
52e15712-2572-442a-b22c-add48af95115,"{""type"":""Point"",""coordinates"":[7.4116482,51.4843281],""crs"":{""type"":""name"",""properties"":{""name"":""EPSG:4326""}}}",NS_NET126_F2_(19),,,,false,126,0.4,1.0,Niederspannung
55caf2ec-a21b-4afd-8830-1e4009cce396,"{""type"":""Point"",""coordinates"":[7.4116482,51.4843281],""crs"":{""type"":""name"",""properties"":{""name"":""EPSG:0""}}}",NS_NET146_F3_(27),,,,false,146,0.4,1.0,Niederspannung
0170837a-1876-45f9-a613-666f9991964d,"{""type"":""Point"",""coordinates"":[7.4116482,51.4843281],""crs"":{""type"":""name"",""properties"":{""name"":""EPSG:0""}}}",NS_NET146_F2_(3),,,,false,146,0.4,1.0,Niederspannung
4632291f-80d7-4e4a-9dc9-5c0fd0c56312,"{""type"":""Point"",""coordinates"":[7.4116482,51.4843281],""crs"":{""type"":""name"",""properties"":{""name"":""EPSG:0""}}}",NS_NET146_F3_(10),,,,false,146,0.4,1.0,Niederspannung
eb95ff15-56db-4463-bb54-0ee131167812,"{""type"":""Point"",""coordinates"":[7.4116482,51.4843281],""crs"":{""type"":""name"",""properties"":{""name"":""EPSG:4326""}}}",NS_NET136_S1_3,,,,false,136,0.4,1.0,Niederspannung
c1c3b5c2-c79e-4368-a8ae-28fd0f4e357a,"{""type"":""Point"",""coordinates"":[7.4116482,51.4843281],""crs"":{""type"":""name"",""properties"":{""name"":""EPSG:0""}}}",MS1_05,,,,false,11,20.0,1.0,Mittelspannung
00bbc353-d47e-4865-a696-fe5d29b9e6a2,"{""type"":""Point"",""coordinates"":[7.4116482,51.4843281],""crs"":{""type"":""name"",""properties"":{""name"":""EPSG:0""}}}",NS_NET146_F1_(15),,,,false,146,0.4,1.0,Niederspannung
df9c3d91-41a0-4e49-bb1f-1cd2a8fd9a2e,"{""type"":""Point"",""coordinates"":[7.4116482,51.4843281],""crs"":{""type"":""name"",""properties"":{""name"":""EPSG:4326""}}}",NS_NET116_S2_3,,,,false,116,0.4,1.0,Niederspannung
32b3bb19-c52a-4a19-890a-94a8918d38a9,"{""type"":""Point"",""coordinates"":[7.4116482,51.4843281],""crs"":{""type"":""name"",""properties"":{""name"":""EPSG:4326""}}}",MS1_02,,,,false,11,20.0,1.0,Mittelspannung
daed3552-e382-4153-95be-97f17e2c53e5,"{""type"":""Point"",""coordinates"":[7.4116482,51.4843281],""crs"":{""type"":""name"",""properties"":{""name"":""EPSG:0""}}}",NS_NET126_F2_(27),,,,false,126,0.4,1.0,Niederspannung
636dec7c-4242-46e8-b7ae-db7e5a28c39c,"{""type"":""Point"",""coordinates"":[7.4116482,51.4843281],""crs"":{""type"":""name"",""properties"":{""name"":""EPSG:4326""}}}",NS_NET146_F2_(19),,,,false,146,0.4,1.0,Niederspannung
6232b760-b2e0-485e-9c61-f9721a366a81,"{""type"":""Point"",""coordinates"":[7.4116482,51.4843281],""crs"":{""type"":""name"",""properties"":{""name"":""EPSG:4326""}}}",NS_NET126_F3_(16),,,,false,126,0.4,1.0,Niederspannung
5dfd45b8-48e7-42fd-ac53-cc57455486b5,"{""type"":""Point"",""coordinates"":[7.4116482,51.4843281],""crs"":{""type"":""name"",""properties"":{""name"":""EPSG:4326""}}}",NS_NET126_F1_(9),,,,false,126,0.4,1.0,Niederspannung
d69efff2-ba8b-4aa6-a4a1-27267964147a,"{""type"":""Point"",""coordinates"":[7.4116482,51.4843281],""crs"":{""type"":""name"",""properties"":{""name"":""EPSG:4326""}}}",NS_NET116_S3_3,,,,false,116,0.4,1.0,Niederspannung
8254d91b-e5da-4402-bb8f-301eafa09d28,"{""type"":""Point"",""coordinates"":[7.4116482,51.4843281],""crs"":{""type"":""name"",""properties"":{""name"":""EPSG:0""}}}",NS_NET146_F2_(12),,,,false,146,0.4,1.0,Niederspannung
55b3d03f-2204-4ab3-84cc-a28476868c9d,"{""type"":""Point"",""coordinates"":[7.4116482,51.4843281],""crs"":{""type"":""name"",""properties"":{""name"":""EPSG:4326""}}}",NS_NET126_F4_(15),,,,false,126,0.4,1.0,Niederspannung
bd292f64-65e8-42ec-9b78-b9b9f013750e,"{""type"":""Point"",""coordinates"":[7.4116482,51.4843281],""crs"":{""type"":""name"",""properties"":{""name"":""EPSG:0""}}}",NS_NET146_F2_(21),,,,false,146,0.4,1.0,Niederspannung
3b879239-20c8-4adf-bd51-92924327ee71,"{""type"":""Point"",""coordinates"":[7.4116482,51.4843281],""crs"":{""type"":""name"",""properties"":{""name"":""EPSG:4326""}}}",NS_NET146_F1_(12),,,,false,146,0.4,1.0,Niederspannung
3d81adf5-73d1-4708-b03b-3afc7db017f4,"{""type"":""Point"",""coordinates"":[7.4116482,51.4843281],""crs"":{""type"":""name"",""properties"":{""name"":""EPSG:4326""}}}",NS_NET126_F2_(10),,,,false,126,0.4,1.0,Niederspannung
2a816043-d1d2-44a6-8a9b-f61a4933997b,"{""type"":""Point"",""coordinates"":[7.4116482,51.4843281],""crs"":{""type"":""name"",""properties"":{""name"":""EPSG:4326""}}}",NS_NET136_S3_4,,,,false,136,0.4,1.0,Niederspannung
49dcfc70-76ca-4f6f-83f7-0bc2aab1ae34,"{""type"":""Point"",""coordinates"":[7.4116482,51.4843281],""crs"":{""type"":""name"",""properties"":{""name"":""EPSG:0""}}}",NS_NET146_F4_(6),,,,false,146,0.4,1.0,Niederspannung
cdda8fa5-9a18-4f3e-951d-1ec0009191b4,"{""type"":""Point"",""coordinates"":[7.4116482,51.4843281],""crs"":{""type"":""name"",""properties"":{""name"":""EPSG:0""}}}",NS_NET126_F2_(4),,,,false,126,0.4,1.0,Niederspannung
33f346bd-7dc5-4140-8ed0-7d7db4cc0f6f,"{""type"":""Point"",""coordinates"":[7.4116482,51.4843281],""crs"":{""type"":""name"",""properties"":{""name"":""EPSG:4326""}}}",NS_NET126_F3_(23),,,,false,126,0.4,1.0,Niederspannung
ee384ace-040e-4f21-8a8a-d702ab51af55,"{""type"":""Point"",""coordinates"":[7.4116482,51.4843281],""crs"":{""type"":""name"",""properties"":{""name"":""EPSG:0""}}}",MS4_05,,,,false,14,20.0,1.0,Mittelspannung
41c0087f-ce27-4da3-97d2-92d711b639b4,"{""type"":""Point"",""coordinates"":[7.4116482,51.4843281],""crs"":{""type"":""name"",""properties"":{""name"":""EPSG:0""}}}",NS_NET126_F1_(15),,,,false,126,0.4,1.0,Niederspannung
fd534474-cd65-47aa-8005-dc50d17d6920,"{""type"":""Point"",""coordinates"":[7.4116482,51.4843281],""crs"":{""type"":""name"",""properties"":{""name"":""EPSG:4326""}}}",NS_NET136_S2_3,,,,false,136,0.4,1.0,Niederspannung
205fcee1-928c-4374-950c-34575f07fa49,"{""type"":""Point"",""coordinates"":[7.4116482,51.4843281],""crs"":{""type"":""name"",""properties"":{""name"":""EPSG:4326""}}}",NS_NET146_F1_(24),,,,false,146,0.4,1.0,Niederspannung
a286f73a-20ee-4056-8129-c7963b34ecd9,"{""type"":""Point"",""coordinates"":[7.4116482,51.4843281],""crs"":{""type"":""name"",""properties"":{""name"":""EPSG:4326""}}}",NS_NET126_F2_(9),,,,false,126,0.4,1.0,Niederspannung
5d1cce49-e000-4a33-a0ea-f3685f8cc5a3,"{""type"":""Point"",""coordinates"":[7.4116482,51.4843281],""crs"":{""type"":""name"",""properties"":{""name"":""EPSG:4326""}}}",NS_NET126_F2_(28),,,,false,126,0.4,1.0,Niederspannung
1bf26b4d-03cc-4490-8c33-d3db8597d807,"{""type"":""Point"",""coordinates"":[7.4116482,51.4843281],""crs"":{""type"":""name"",""properties"":{""name"":""EPSG:4326""}}}",NS_NET126_F3_(25),,,,false,126,0.4,1.0,Niederspannung
f6a31362-8b0d-4926-b0d0-10bb61db20df,"{""type"":""Point"",""coordinates"":[7.4116482,51.4843281],""crs"":{""type"":""name"",""properties"":{""name"":""EPSG:0""}}}",NS_NET126_F1_(10),,,,false,126,0.4,1.0,Niederspannung
4db634e5-3eb8-4c17-bc44-eb224667580c,"{""type"":""Point"",""coordinates"":[7.4116482,51.4843281],""crs"":{""type"":""name"",""properties"":{""name"":""EPSG:4326""}}}",NS_NET126_F2_(7),,,,false,126,0.4,1.0,Niederspannung
ce513b50-b57a-41e2-b744-4c0fd2ae97d0,"{""type"":""Point"",""coordinates"":[7.4116482,51.4843281],""crs"":{""type"":""name"",""properties"":{""name"":""EPSG:4326""}}}",NS_NET146_F2_(23),,,,false,146,0.4,1.0,Niederspannung
2c520ab6-507e-4dcf-ab05-8f238e9b9385,"{""type"":""Point"",""coordinates"":[7.4116482,51.4843281],""crs"":{""type"":""name"",""properties"":{""name"":""EPSG:4326""}}}",NS_NET146_F2_(1),,,,false,146,0.4,1.0,Niederspannung
9b889b73-c108-4b38-b6eb-3377841e0c83,"{""type"":""Point"",""coordinates"":[7.4116482,51.4843281],""crs"":{""type"":""name"",""properties"":{""name"":""EPSG:0""}}}",NS_NET146_F4_(9),,,,false,146,0.4,1.0,Niederspannung
92cb5065-2e57-4099-8e29-75cbc0c80370,"{""type"":""Point"",""coordinates"":[7.4116482,51.4843281],""crs"":{""type"":""name"",""properties"":{""name"":""EPSG:0""}}}",NS_NET146_F1_(21),,,,false,146,0.4,1.0,Niederspannung
011e3794-3341-4376-839c-3f5a452e15ab,"{""type"":""Point"",""coordinates"":[7.4116482,51.4843281],""crs"":{""type"":""name"",""properties"":{""name"":""EPSG:4326""}}}",NS_NET146_F2_(25),,,,false,146,0.4,1.0,Niederspannung
fa6d5184-b205-4b1b-839f-7b21ac956c29,"{""type"":""Point"",""coordinates"":[7.4116482,51.4843281],""crs"":{""type"":""name"",""properties"":{""name"":""EPSG:4326""}}}",MS4_06,,,,false,14,20.0,1.0,Mittelspannung
e4c8b492-965c-4b5a-8d14-e8ff2c027ce9,"{""type"":""Point"",""coordinates"":[7.4116482,51.4843281],""crs"":{""type"":""name"",""properties"":{""name"":""EPSG:4326""}}}",NS_NET116_S1_3,,,,false,116,0.4,1.0,Niederspannung
0f3ba59d-a9ce-4669-aa12-bebec42238b7,"{""type"":""Point"",""coordinates"":[7.4116482,51.4843281],""crs"":{""type"":""name"",""properties"":{""name"":""EPSG:4326""}}}",NS_NET146_F3_(17),,,,false,146,0.4,1.0,Niederspannung
c81d6099-66b2-45d8-b8a4-c19ceb862f6e,"{""type"":""Point"",""coordinates"":[7.4116482,51.4843281],""crs"":{""type"":""name"",""properties"":{""name"":""EPSG:4326""}}}",NS_NET126_F1_(27),,,,false,126,0.4,1.0,Niederspannung
b179c38b-5af0-4304-84b1-1dc03314fd80,"{""type"":""Point"",""coordinates"":[7.4116482,51.4843281],""crs"":{""type"":""name"",""properties"":{""name"":""EPSG:0""}}}",NS_NET146_F2_(27),,,,false,146,0.4,1.0,Niederspannung
01bdd8b2-145f-42b3-80e3-a2366dea1044,"{""type"":""Point"",""coordinates"":[7.4116482,51.4843281],""crs"":{""type"":""name"",""properties"":{""name"":""EPSG:4326""}}}",NS_NET146_F3_(6),,,,false,146,0.4,1.0,Niederspannung
3da4fd3d-ac5e-409d-91fa-36516673cf57,"{""type"":""Point"",""coordinates"":[7.4116482,51.4843281],""crs"":{""type"":""name"",""properties"":{""name"":""EPSG:4326""}}}",NS_NET146_ONS,,,,false,146,0.4,1.0,Niederspannung
6bc0dda8-25f4-48a6-9645-21e1eed5c6ff,"{""type"":""Point"",""coordinates"":[7.4116482,51.4843281],""crs"":{""type"":""name"",""properties"":{""name"":""EPSG:4326""}}}",NS_NET146_F3_(8),,,,false,146,0.4,1.0,Niederspannung
bbd210a5-eb85-4616-bdd0-72bbd3ed7ef9,"{""type"":""Point"",""coordinates"":[7.4116482,51.4843281],""crs"":{""type"":""name"",""properties"":{""name"":""EPSG:4326""}}}",NS_NET126_F3_(9),,,,false,126,0.4,1.0,Niederspannung
155bb2dc-0121-413e-ab42-67c2ed5ce6ea,"{""type"":""Point"",""coordinates"":[7.4116482,51.4843281],""crs"":{""type"":""name"",""properties"":{""name"":""EPSG:0""}}}",NS_NET146_F4_(17),,,,false,146,0.4,1.0,Niederspannung
f717b05b-f4e7-43d9-af9e-638e2badee5a,"{""type"":""Point"",""coordinates"":[7.4116482,51.4843281],""crs"":{""type"":""name"",""properties"":{""name"":""EPSG:4326""}}}",NS_NET126_F1_(8),,,,false,126,0.4,1.0,Niederspannung
ffcaf979-d707-4d25-8f46-f436f9792d7f,"{""type"":""Point"",""coordinates"":[7.4116482,51.4843281],""crs"":{""type"":""name"",""properties"":{""name"":""EPSG:4326""}}}",NS_NET146_F4_(10),,,,false,146,0.4,1.0,Niederspannung
c317a6cd-428b-4c36-8233-91d0c4e2717a,"{""type"":""Point"",""coordinates"":[7.4116482,51.4843281],""crs"":{""type"":""name"",""properties"":{""name"":""EPSG:4326""}}}",NS_NET126_F1_(22),,,,false,126,0.4,1.0,Niederspannung
04f29760-9e52-4943-8563-62e1fbd5ed52,"{""type"":""Point"",""coordinates"":[7.4116482,51.4843281],""crs"":{""type"":""name"",""properties"":{""name"":""EPSG:4326""}}}",NS_NET126_F1_(3),,,,false,126,0.4,1.0,Niederspannung
616da4e5-e837-44ec-bbbc-0cd12b5da8f7,"{""type"":""Point"",""coordinates"":[7.4116482,51.4843281],""crs"":{""type"":""name"",""properties"":{""name"":""EPSG:0""}}}",NS_NET146_F3_(22),,,,false,146,0.4,1.0,Niederspannung
b32c5f5e-b6b8-41ed-a192-078e1aed05ac,"{""type"":""Point"",""coordinates"":[7.4116482,51.4843281],""crs"":{""type"":""name"",""properties"":{""name"":""EPSG:4326""}}}",NS_NET126_F2_(13),,,,false,126,0.4,1.0,Niederspannung
ba0b3e4b-85e1-4b45-8863-fbfe11c9b69c,"{""type"":""Point"",""coordinates"":[7.4116482,51.4843281],""crs"":{""type"":""name"",""properties"":{""name"":""EPSG:4326""}}}",NS_NET146_F3_(23),,,,false,146,0.4,1.0,Niederspannung
6570535c-0d2e-4846-9951-21559902f67a,"{""type"":""Point"",""coordinates"":[7.4116482,51.4843281],""crs"":{""type"":""name"",""properties"":{""name"":""EPSG:4326""}}}",NS_NET146_F3_(9),,,,false,146,0.4,1.0,Niederspannung
14a8dc4c-0906-402f-b073-6d6d4725d0cb,"{""type"":""Point"",""coordinates"":[7.4116482,51.4843281],""crs"":{""type"":""name"",""properties"":{""name"":""EPSG:0""}}}",MS2_07,,,,false,12,20.0,1.0,Mittelspannung
f26b5511-3c50-42d5-97c2-be408330eb84,"{""type"":""Point"",""coordinates"":[7.4116482,51.4843281],""crs"":{""type"":""name"",""properties"":{""name"":""EPSG:4326""}}}",NS_NET146_F2_(11),,,,false,146,0.4,1.0,Niederspannung
86af5351-87ef-49c6-bd17-673dceecee5b,"{""type"":""Point"",""coordinates"":[7.4116482,51.4843281],""crs"":{""type"":""name"",""properties"":{""name"":""EPSG:4326""}}}",NS_NET146_F2_(26),,,,false,146,0.4,1.0,Niederspannung
6c24b464-790a-4aae-bb11-766718f07cd5,"{""type"":""Point"",""coordinates"":[7.4116482,51.4843281],""crs"":{""type"":""name"",""properties"":{""name"":""EPSG:0""}}}",NS_NET146_F1_(10),,,,false,146,0.4,1.0,Niederspannung
2c5d4eda-6b33-4ad5-a135-7037baa7d6eb,"{""type"":""Point"",""coordinates"":[7.4116482,51.4843281],""crs"":{""type"":""name"",""properties"":{""name"":""EPSG:4326""}}}",NS_NET136_S3_3,,,,false,136,0.4,1.0,Niederspannung
285a4caa-2da8-4bd2-8a60-7d04f168f378,"{""type"":""Point"",""coordinates"":[7.4116482,51.4843281],""crs"":{""type"":""name"",""properties"":{""name"":""EPSG:4326""}}}",NS_NET126_F3_(2),,,,false,126,0.4,1.0,Niederspannung
6dcdc87b-a719-416f-9da1-21a701048f3a,"{""type"":""Point"",""coordinates"":[7.4116482,51.4843281],""crs"":{""type"":""name"",""properties"":{""name"":""EPSG:4326""}}}",NS_NET126_F3_(8),,,,false,126,0.4,1.0,Niederspannung
810bebb0-0d5c-4899-b213-3207be661248,"{""type"":""Point"",""coordinates"":[7.4116482,51.4843281],""crs"":{""type"":""name"",""properties"":{""name"":""EPSG:4326""}}}",NS_NET146_F3_(19),,,,false,146,0.4,1.0,Niederspannung
f1e55c8b-357f-45a7-9d57-e299f9b207f3,"{""type"":""Point"",""coordinates"":[7.4116482,51.4843281],""crs"":{""type"":""name"",""properties"":{""name"":""EPSG:4326""}}}",NS_NET146_F1_(13),,,,false,146,0.4,1.0,Niederspannung
bf7e7268-2fb6-4948-ace6-9037ae148fa3,"{""type"":""Point"",""coordinates"":[7.4116482,51.4843281],""crs"":{""type"":""name"",""properties"":{""name"":""EPSG:0""}}}",NS_NET126_F3_(4),,,,false,126,0.4,1.0,Niederspannung
31a2b9bf-e785-4475-aa44-1c34646e8c79,"{""type"":""Point"",""coordinates"":[7.4116482,51.4843281],""crs"":{""type"":""name"",""properties"":{""name"":""EPSG:4326""}}}",NS_NET116_ONS,,,,false,116,0.4,1.0,Niederspannung
0ebf0088-f596-4cd1-9ae0-5da02dc40335,"{""type"":""Point"",""coordinates"":[7.4116482,51.4843281],""crs"":{""type"":""name"",""properties"":{""name"":""EPSG:0""}}}",NS_NET146_F3_(20),,,,false,146,0.4,1.0,Niederspannung
b22c9299-5fb4-46a7-b566-fc17e0d51d60,"{""type"":""Point"",""coordinates"":[7.4116482,51.4843281],""crs"":{""type"":""name"",""properties"":{""name"":""EPSG:4326""}}}",MS1_06,,,,false,11,20.0,1.0,Mittelspannung
032768b4-2426-4abf-806b-83813ac5137a,"{""type"":""Point"",""coordinates"":[7.4116482,51.4843281],""crs"":{""type"":""name"",""properties"":{""name"":""EPSG:4326""}}}",NS_NET136_S1_2,,,,false,136,0.4,1.0,Niederspannung
732f83b0-b9c5-4b8e-86fe-753c26f40e78,"{""type"":""Point"",""coordinates"":[7.4116482,51.4843281],""crs"":{""type"":""name"",""properties"":{""name"":""EPSG:0""}}}",NS_NET126_F3_(20),,,,false,126,0.4,1.0,Niederspannung
625bdd2c-a75f-46ef-850c-ca4704d56e55,"{""type"":""Point"",""coordinates"":[7.4116482,51.4843281],""crs"":{""type"":""name"",""properties"":{""name"":""EPSG:0""}}}",NS_NET126_F2_(24),,,,false,126,0.4,1.0,Niederspannung
7d44fe44-8c85-4b61-9d5c-0c4304e47ba8,"{""type"":""Point"",""coordinates"":[7.4116482,51.4843281],""crs"":{""type"":""name"",""properties"":{""name"":""EPSG:0""}}}",NS_NET126_F3_(32),,,,false,126,0.4,1.0,Niederspannung
3ec2f2a0-36a3-4d11-88ee-cc4df001e876,"{""type"":""Point"",""coordinates"":[7.4116482,51.4843281],""crs"":{""type"":""name"",""properties"":{""name"":""EPSG:4326""}}}",NS_NET146_F3_(16),,,,false,146,0.4,1.0,Niederspannung
1a8ba1a5-3cee-4791-b21b-f17b08526873,"{""type"":""Point"",""coordinates"":[7.4116482,51.4843281],""crs"":{""type"":""name"",""properties"":{""name"":""EPSG:0""}}}",MS2_01,,,,false,12,20.0,1.0,Mittelspannung
0db6e581-37e9-4254-aed8-d5cdf66819f9,"{""type"":""Point"",""coordinates"":[7.4116482,51.4843281],""crs"":{""type"":""name"",""properties"":{""name"":""EPSG:4326""}}}",NS_NET146_F1_(9),,,,false,146,0.4,1.0,Niederspannung
2f64bf67-cee9-44bb-8c13-ff96878932af,"{""type"":""Point"",""coordinates"":[7.4116482,51.4843281],""crs"":{""type"":""name"",""properties"":{""name"":""EPSG:0""}}}",NS_NET126_F1_(18),,,,false,126,0.4,1.0,Niederspannung
f66df6fa-3dfa-4515-85d7-54d0f429fde7,"{""type"":""Point"",""coordinates"":[7.4116482,51.4843281],""crs"":{""type"":""name"",""properties"":{""name"":""EPSG:0""}}}",NS_NET146_F3_(4),,,,false,146,0.4,1.0,Niederspannung
d53ff076-dadd-44f8-85d4-68f48991f7d0,"{""type"":""Point"",""coordinates"":[7.4116482,51.4843281],""crs"":{""type"":""name"",""properties"":{""name"":""EPSG:4326""}}}",NS_NET116_S2_2,,,,false,116,0.4,1.0,Niederspannung
ca438ab9-3abc-4416-91d1-df01d1c5fa5a,"{""type"":""Point"",""coordinates"":[7.4116482,51.4843281],""crs"":{""type"":""name"",""properties"":{""name"":""EPSG:4326""}}}",NS_NET146_F2_(28),,,,false,146,0.4,1.0,Niederspannung
67af7db0-0fd8-4657-bb4f-43a2141b9f73,"{""type"":""Point"",""coordinates"":[7.4116482,51.4843281],""crs"":{""type"":""name"",""properties"":{""name"":""EPSG:4326""}}}",NS_NET126_F3_(31),,,,false,126,0.4,1.0,Niederspannung
576840db-7d3c-417b-b587-28b222e740e1,"{""type"":""Point"",""coordinates"":[7.4116482,51.4843281],""crs"":{""type"":""name"",""properties"":{""name"":""EPSG:4326""}}}",NS_NET146_F4_(15),,,,false,146,0.4,1.0,Niederspannung
8f2ba96f-a47a-46d3-b5a1-d19de0a32419,"{""type"":""Point"",""coordinates"":[7.4116482,51.4843281],""crs"":{""type"":""name"",""properties"":{""name"":""EPSG:4326""}}}",NS_NET146_F2_(16),,,,false,146,0.4,1.0,Niederspannung
4dd439ed-7cc3-45b4-a2ca-ae615b97a23c,"{""type"":""Point"",""coordinates"":[7.4116482,51.4843281],""crs"":{""type"":""name"",""properties"":{""name"":""EPSG:4326""}}}",MS3_04,,,,false,13,20.0,1.0,Mittelspannung
a12b9ded-0c19-48c2-ac19-7a3a9b7e26da,"{""type"":""Point"",""coordinates"":[7.4116482,51.4843281],""crs"":{""type"":""name"",""properties"":{""name"":""EPSG:4326""}}}",NS_NET126_F4_(4),,,,false,126,0.4,1.0,Niederspannung
14ae9865-cb9b-4518-9f2a-c0fda3455a42,"{""type"":""Point"",""coordinates"":[7.4116482,51.4843281],""crs"":{""type"":""name"",""properties"":{""name"":""EPSG:0""}}}",NS_NET126_F1_(21),,,,false,126,0.4,1.0,Niederspannung
b46d4395-6724-4830-ba55-357e81fc2814,"{""type"":""Point"",""coordinates"":[7.4116482,51.4843281],""crs"":{""type"":""name"",""properties"":{""name"":""EPSG:0""}}}",NS_NET136_S3_2,,,,false,136,0.4,1.0,Niederspannung
94713e6c-c47e-422c-8ab3-2a2903b7dcd2,"{""type"":""Point"",""coordinates"":[7.4116482,51.4843281],""crs"":{""type"":""name"",""properties"":{""name"":""EPSG:4326""}}}",NS_NET126_F1_(23),,,,false,126,0.4,1.0,Niederspannung
926d6113-933f-49e3-9529-a3035acdc9b2,"{""type"":""Point"",""coordinates"":[7.4116482,51.4843281],""crs"":{""type"":""name"",""properties"":{""name"":""EPSG:0""}}}",NS_NET136_S1_5,,,,false,136,0.4,1.0,Niederspannung
b37ea333-65e1-4211-8449-993b67e8e0e2,"{""type"":""Point"",""coordinates"":[7.4116482,51.4843281],""crs"":{""type"":""name"",""properties"":{""name"":""EPSG:4326""}}}",NS_NET146_F4_(2),,,,false,146,0.4,1.0,Niederspannung
67c1746c-3af8-403f-983e-1c7c047383df,"{""type"":""Point"",""coordinates"":[7.4116482,51.4843281],""crs"":{""type"":""name"",""properties"":{""name"":""EPSG:4326""}}}",NS_NET146_F1_(7),,,,false,146,0.4,1.0,Niederspannung
32507a10-1eed-4a3f-820c-bc187f3b052e,"{""type"":""Point"",""coordinates"":[7.4116482,51.4843281],""crs"":{""type"":""name"",""properties"":{""name"":""EPSG:4326""}}}",NS_NET146_F1_(38),,,,false,146,0.4,1.0,Niederspannung
f6eff0d1-af6b-46ce-b430-4d30976ec08f,"{""type"":""Point"",""coordinates"":[7.4116482,51.4843281],""crs"":{""type"":""name"",""properties"":{""name"":""EPSG:0""}}}",NS_NET146_F3_(12),,,,false,146,0.4,1.0,Niederspannung
5862f526-783a-4218-a463-3cbf5de8dade,"{""type"":""Point"",""coordinates"":[7.4116482,51.4843281],""crs"":{""type"":""name"",""properties"":{""name"":""EPSG:4326""}}}",NS_NET146_F2_(22),,,,false,146,0.4,1.0,Niederspannung
c5f7ffbc-2e23-46d4-9e0c-356008e5ff56,"{""type"":""Point"",""coordinates"":[7.4116482,51.4843281],""crs"":{""type"":""name"",""properties"":{""name"":""EPSG:0""}}}",NS_NET126_F1_(35),,,,false,126,0.4,1.0,Niederspannung
8a50fb37-81cf-47c9-8850-a12b4391e2e7,"{""type"":""Point"",""coordinates"":[7.4116482,51.4843281],""crs"":{""type"":""name"",""properties"":{""name"":""EPSG:4326""}}}",NS_NET116_S1_1,,,,false,116,0.4,1.0,Niederspannung
69aeb4a6-1c4b-4953-bad9-54fc0c7e495b,"{""type"":""Point"",""coordinates"":[7.4116482,51.4843281],""crs"":{""type"":""name"",""properties"":{""name"":""EPSG:0""}}}",NS_NET126_F3_(3),,,,false,126,0.4,1.0,Niederspannung
119d270a-ff22-4fdb-8214-cb5b336790bf,"{""type"":""Point"",""coordinates"":[7.4116482,51.4843281],""crs"":{""type"":""name"",""properties"":{""name"":""EPSG:0""}}}",NS_NET126_F4_(9),,,,false,126,0.4,1.0,Niederspannung
2fe5100e-d4e8-4bc4-9c7c-bcc0fc56f518,"{""type"":""Point"",""coordinates"":[7.4116482,51.4843281],""crs"":{""type"":""name"",""properties"":{""name"":""EPSG:0""}}}",NS_NET126_F3_(1),,,,false,126,0.4,1.0,Niederspannung
1dcddd06-f41a-405b-9686-7f7942852196,"{""type"":""Point"",""coordinates"":[7.4116482,51.4843281],""crs"":{""type"":""name"",""properties"":{""name"":""EPSG:4326""}}}",NS_NET126_F2_(25),,,,false,126,0.4,1.0,Niederspannung
9d02ea80-98d8-4cd0-a635-9104a14a56dd,"{""type"":""Point"",""coordinates"":[7.4116482,51.4843281],""crs"":{""type"":""name"",""properties"":{""name"":""EPSG:0""}}}",NS_NET126_F2_(12),,,,false,126,0.4,1.0,Niederspannung
2287c2a8-c2d0-4c63-80b5-6b66a1288df8,"{""type"":""Point"",""coordinates"":[7.4116482,51.4843281],""crs"":{""type"":""name"",""properties"":{""name"":""EPSG:0""}}}",NS_NET146_F1_(25),,,,false,146,0.4,1.0,Niederspannung
c6c177b0-5004-4db0-8cde-6293330a4757,"{""type"":""Point"",""coordinates"":[7.4116482,51.4843281],""crs"":{""type"":""name"",""properties"":{""name"":""EPSG:4326""}}}",NS_NET146_F3_(25),,,,false,146,0.4,1.0,Niederspannung
0b2a3b46-5e43-4879-973e-d8fb96429d8a,"{""type"":""Point"",""coordinates"":[7.4116482,51.4843281],""crs"":{""type"":""name"",""properties"":{""name"":""EPSG:4326""}}}",NS_NET146_F3_(2),,,,false,146,0.4,1.0,Niederspannung
4f2402e8-664a-40f2-970a-abc098a2a0d1,"{""type"":""Point"",""coordinates"":[7.4116482,51.4843281],""crs"":{""type"":""name"",""properties"":{""name"":""EPSG:4326""}}}",NS_NET126_F1_(24),,,,false,126,0.4,1.0,Niederspannung
e018b95e-fca5-40f7-8550-b05a619169dc,"{""type"":""Point"",""coordinates"":[7.4116482,51.4843281],""crs"":{""type"":""name"",""properties"":{""name"":""EPSG:4326""}}}",NS_NET126_F3_(6),,,,false,126,0.4,1.0,Niederspannung
5981fe65-3c92-4a78-af92-1461904046d0,"{""type"":""Point"",""coordinates"":[7.4116482,51.4843281],""crs"":{""type"":""name"",""properties"":{""name"":""EPSG:4326""}}}",NS_NET126_F2_(2),,,,false,126,0.4,1.0,Niederspannung
92301422-94ae-48ab-89c7-a69eea9450b2,"{""type"":""Point"",""coordinates"":[7.4116482,51.4843281],""crs"":{""type"":""name"",""properties"":{""name"":""EPSG:0""}}}",NS_NET116_S1_5,,,,false,116,0.4,1.0,Niederspannung
dfae9806-9b44-4995-ba27-d66d8e4a43e0,"{""type"":""Point"",""coordinates"":[7.4116482,51.4843281],""crs"":{""type"":""name"",""properties"":{""name"":""EPSG:0""}}}",HS_NET1_Station_2,,,,false,1,110.0,1.0,Hochspannung
c8b1fd67-2f03-4153-8ed3-284e7a721ec5,"{""type"":""Point"",""coordinates"":[7.4116482,51.4843281],""crs"":{""type"":""name"",""properties"":{""name"":""EPSG:4326""}}}",NS_NET126_F2_(5),,,,false,126,0.4,1.0,Niederspannung
9b509c7d-4647-40fd-b03e-7ab919215cc6,"{""type"":""Point"",""coordinates"":[7.4116482,51.4843281],""crs"":{""type"":""name"",""properties"":{""name"":""EPSG:4326""}}}",NS_NET126_F2_(23),,,,false,126,0.4,1.0,Niederspannung
033d0230-4aee-47cf-91f9-81f5f40e60b0,"{""type"":""Point"",""coordinates"":[7.4116482,51.4843281],""crs"":{""type"":""name"",""properties"":{""name"":""EPSG:4326""}}}",NS_NET146_F1_(32),,,,false,146,0.4,1.0,Niederspannung
de756ddb-793d-4b2d-959c-59d938a8f61f,"{""type"":""Point"",""coordinates"":[7.4116482,51.4843281],""crs"":{""type"":""name"",""properties"":{""name"":""EPSG:0""}}}",NS_NET126_F2_(20),,,,false,126,0.4,1.0,Niederspannung
8b3e3802-5213-46d0-a498-15eb6e5852b5,"{""type"":""Point"",""coordinates"":[7.4116482,51.4843281],""crs"":{""type"":""name"",""properties"":{""name"":""EPSG:4326""}}}",NS_NET146_F4_(11),,,,false,146,0.4,1.0,Niederspannung
2d4beb13-8e6c-46de-9b1c-409c7ca7573a,"{""type"":""Point"",""coordinates"":[7.4116482,51.4843281],""crs"":{""type"":""name"",""properties"":{""name"":""EPSG:4326""}}}",NS_NET126_ONS,,,,false,126,0.4,1.0,Niederspannung
787237ad-b3a8-4f2c-ab70-31c5113d82d7,"{""type"":""Point"",""coordinates"":[7.4116482,51.4843281],""crs"":{""type"":""name"",""properties"":{""name"":""EPSG:0""}}}",MS1_03,,,,false,11,20.0,1.0,Mittelspannung
de5ee252-ebb6-42b0-875c-77ae557ffbf6,"{""type"":""Point"",""coordinates"":[7.4116482,51.4843281],""crs"":{""type"":""name"",""properties"":{""name"":""EPSG:4326""}}}",NS_NET126_F4_(5),,,,false,126,0.4,1.0,Niederspannung
b608d71e-3ede-4156-a015-3f6e1d22242a,"{""type"":""Point"",""coordinates"":[7.4116482,51.4843281],""crs"":{""type"":""name"",""properties"":{""name"":""EPSG:4326""}}}",NS_NET146_F4_(13),,,,false,146,0.4,1.0,Niederspannung
d5b861a6-2a5b-4dec-a66e-adbfc6d62873,"{""type"":""Point"",""coordinates"":[7.4116482,51.4843281],""crs"":{""type"":""name"",""properties"":{""name"":""EPSG:0""}}}",NS_NET126_F3_(27),,,,false,126,0.4,1.0,Niederspannung
f29859be-c6e7-4cf9-84d7-239eb98a9e65,"{""type"":""Point"",""coordinates"":[7.4116482,51.4843281],""crs"":{""type"":""name"",""properties"":{""name"":""EPSG:4326""}}}",NS_NET126_F3_(13),,,,false,126,0.4,1.0,Niederspannung
e4502c52-b4d7-4082-a583-b5688d8244e0,"{""type"":""Point"",""coordinates"":[7.4116482,51.4843281],""crs"":{""type"":""name"",""properties"":{""name"":""EPSG:0""}}}",MS3_03,,,,false,13,20.0,1.0,Mittelspannung
666757e2-292e-473c-ac9c-04c0786574bc,"{""type"":""Point"",""coordinates"":[7.4116482,51.4843281],""crs"":{""type"":""name"",""properties"":{""name"":""EPSG:0""}}}",NS_NET146_F1_(11),,,,false,146,0.4,1.0,Niederspannung
847fd5fc-b515-4a9d-8a6f-66df1e71ded2,"{""type"":""Point"",""coordinates"":[7.4116482,51.4843281],""crs"":{""type"":""name"",""properties"":{""name"":""EPSG:4326""}}}",NS_NET126_F1_(13),,,,false,126,0.4,1.0,Niederspannung
e0a6c8e9-7d1f-4965-98b9-e543bacb6b83,"{""type"":""Point"",""coordinates"":[7.4116482,51.4843281],""crs"":{""type"":""name"",""properties"":{""name"":""EPSG:4326""}}}",NS_NET126_F3_(28),,,,false,126,0.4,1.0,Niederspannung
366a70fb-8d7f-4201-9eca-0fcbc839239d,"{""type"":""Point"",""coordinates"":[7.4116482,51.4843281],""crs"":{""type"":""name"",""properties"":{""name"":""EPSG:0""}}}",NS_NET126_F2_(8),,,,false,126,0.4,1.0,Niederspannung
6dd72a1e-2a79-4cde-b2fc-92bc9a83032a,"{""type"":""Point"",""coordinates"":[7.4116482,51.4843281],""crs"":{""type"":""name"",""properties"":{""name"":""EPSG:4326""}}}",NS_NET146_F4_(8),,,,false,146,0.4,1.0,Niederspannung
401f37f8-6f2c-4564-bc78-6736cb9cbf8d,"{""type"":""Point"",""coordinates"":[7.4116482,51.4843281],""crs"":{""type"":""name"",""properties"":{""name"":""EPSG:0""}}}",HS_NET1_Station_4,,,,false,1,110.0,1.0,Hochspannung
f0f8f187-5dbf-46ab-8a43-d6169ab5042d,"{""type"":""Point"",""coordinates"":[7.4116482,51.4843281],""crs"":{""type"":""name"",""properties"":{""name"":""EPSG:4326""}}}",NS_NET126_F3_(29),,,,false,126,0.4,1.0,Niederspannung
792b505c-87ab-4665-a31d-b6035c5ece70,"{""type"":""Point"",""coordinates"":[7.4116482,51.4843281],""crs"":{""type"":""name"",""properties"":{""name"":""EPSG:0""}}}",NS_NET146_F2_(8),,,,false,146,0.4,1.0,Niederspannung
40b0f497-96a3-49d9-9503-8fa67a5b532a,"{""type"":""Point"",""coordinates"":[7.4116482,51.4843281],""crs"":{""type"":""name"",""properties"":{""name"":""EPSG:0""}}}",MS3_07,,,,false,13,20.0,1.0,Mittelspannung
2aa2d409-8bb2-477d-ac7a-6439552e136a,"{""type"":""Point"",""coordinates"":[7.4116482,51.4843281],""crs"":{""type"":""name"",""properties"":{""name"":""EPSG:0""}}}",NS_NET146_F2_(20),,,,false,146,0.4,1.0,Niederspannung
867c4b4d-0f38-4f28-82ce-135f2cc63808,"{""type"":""Point"",""coordinates"":[7.4116482,51.4843281],""crs"":{""type"":""name"",""properties"":{""name"":""EPSG:0""}}}",NS_NET146_F1_(29),,,,false,146,0.4,1.0,Niederspannung
5af425fa-6ed7-43e1-8898-7af1315128c5,"{""type"":""Point"",""coordinates"":[7.4116482,51.4843281],""crs"":{""type"":""name"",""properties"":{""name"":""EPSG:4326""}}}",NS_NET126_F3_(21),,,,false,126,0.4,1.0,Niederspannung
eb21d716-1b54-4dba-bdc2-d1f6752aef85,"{""type"":""Point"",""coordinates"":[7.4116482,51.4843281],""crs"":{""type"":""name"",""properties"":{""name"":""EPSG:4326""}}}",NS_NET126_F1_(5),,,,false,126,0.4,1.0,Niederspannung
bd8c7d3d-e830-4a46-bf78-0086ce24909f,"{""type"":""Point"",""coordinates"":[7.4116482,51.4843281],""crs"":{""type"":""name"",""properties"":{""name"":""EPSG:4326""}}}",NS_NET146_F1_(5),,,,false,146,0.4,1.0,Niederspannung
5f1c776c-6935-40f7-ba9e-60646e08992b,"{""type"":""Point"",""coordinates"":[7.4116482,51.4843281],""crs"":{""type"":""name"",""properties"":{""name"":""EPSG:4326""}}}",MS2_04,,,,false,12,20.0,1.0,Mittelspannung
a4a44d93-48d6-4b87-8053-87fe0778e75c,"{""type"":""Point"",""coordinates"":[7.4116482,51.4843281],""crs"":{""type"":""name"",""properties"":{""name"":""EPSG:4326""}}}",NS_NET146_F3_(21),,,,false,146,0.4,1.0,Niederspannung
519ace7e-fd3f-4797-b14b-36c1694b00cd,"{""type"":""Point"",""coordinates"":[7.4116482,51.4843281],""crs"":{""type"":""name"",""properties"":{""name"":""EPSG:4326""}}}",NS_NET126_F1_(30),,,,false,126,0.4,1.0,Niederspannung
95ced3b5-69fd-4171-9c34-f18802064e22,"{""type"":""Point"",""coordinates"":[7.4116482,51.4843281],""crs"":{""type"":""name"",""properties"":{""name"":""EPSG:4326""}}}",NS_NET126_F4_(11),,,,false,126,0.4,1.0,Niederspannung
21359dd1-7a23-4932-b656-c196fbffe751,"{""type"":""Point"",""coordinates"":[7.4116482,51.4843281],""crs"":{""type"":""name"",""properties"":{""name"":""EPSG:4326""}}}",NS_NET146_F2_(18),,,,false,146,0.4,1.0,Niederspannung
543f7e9f-b9be-486b-b365-2bae79010758,"{""type"":""Point"",""coordinates"":[7.4116482,51.4843281],""crs"":{""type"":""name"",""properties"":{""name"":""EPSG:4326""}}}",NS_NET146_F1_(33),,,,false,146,0.4,1.0,Niederspannung
535b3fa4-ed67-4ab1-9a68-e7db83e05967,"{""type"":""Point"",""coordinates"":[7.4116482,51.4843281],""crs"":{""type"":""name"",""properties"":{""name"":""EPSG:4326""}}}",NS_NET136_S1_1,,,,false,136,0.4,1.0,Niederspannung
369cffa5-bcee-4489-8193-1d9b10230eca,"{""type"":""Point"",""coordinates"":[7.4116482,51.4843281],""crs"":{""type"":""name"",""properties"":{""name"":""EPSG:0""}}}",NS_NET146_F2_(4),,,,false,146,0.4,1.0,Niederspannung
09ac8949-2b79-41d7-b56f-a58f20036df2,"{""type"":""Point"",""coordinates"":[7.4116482,51.4843281],""crs"":{""type"":""name"",""properties"":{""name"":""EPSG:4326""}}}",NS_NET146_F1_(16),,,,false,146,0.4,1.0,Niederspannung
1f040625-ad1d-409f-bd7e-944c4d805e46,"{""type"":""Point"",""coordinates"":[7.4116482,51.4843281],""crs"":{""type"":""name"",""properties"":{""name"":""EPSG:4326""}}}",NS_NET146_F1_(19),,,,false,146,0.4,1.0,Niederspannung
9ce9d92c-5583-4b16-bec6-9f67834663cb,"{""type"":""Point"",""coordinates"":[7.4116482,51.4843281],""crs"":{""type"":""name"",""properties"":{""name"":""EPSG:4326""}}}",NS_NET126_F2_(14),,,,false,126,0.4,1.0,Niederspannung
416fa5eb-2f72-46c3-978f-6a0ebb714a40,"{""type"":""Point"",""coordinates"":[7.4116482,51.4843281],""crs"":{""type"":""name"",""properties"":{""name"":""EPSG:4326""}}}",NS_NET136_S3_1,,,,false,136,0.4,1.0,Niederspannung
81cd3f38-867b-4a71-ba22-cb33834e0e58,"{""type"":""Point"",""coordinates"":[7.4116482,51.4843281],""crs"":{""type"":""name"",""properties"":{""name"":""EPSG:4326""}}}",NS_NET136_S2_4,,,,false,136,0.4,1.0,Niederspannung
e25387d0-ab9a-406d-bcb4-555414b88b1b,"{""type"":""Point"",""coordinates"":[7.4116482,51.4843281],""crs"":{""type"":""name"",""properties"":{""name"":""EPSG:0""}}}",NS_NET126_F3_(10),,,,false,126,0.4,1.0,Niederspannung
3802b603-d08d-4031-b7d7-e29734bcc122,"{""type"":""Point"",""coordinates"":[7.4116482,51.4843281],""crs"":{""type"":""name"",""properties"":{""name"":""EPSG:0""}}}",NS_NET126_F1_(26),,,,false,126,0.4,1.0,Niederspannung
4e188ac9-e507-46b1-b8e2-376cf7c6ceb1,"{""type"":""Point"",""coordinates"":[7.4116482,51.4843281],""crs"":{""type"":""name"",""properties"":{""name"":""EPSG:4326""}}}",NS_NET136_S2_1,,,,false,136,0.4,1.0,Niederspannung
d40a1a85-40f2-4ad3-ba58-720d5ba02268,"{""type"":""Point"",""coordinates"":[7.4116482,51.4843281],""crs"":{""type"":""name"",""properties"":{""name"":""EPSG:0""}}}",NS_NET126_F4_(14),,,,false,126,0.4,1.0,Niederspannung
443c1513-fdeb-4e29-ae89-5ea47c0b1d3f,"{""type"":""Point"",""coordinates"":[7.4116482,51.4843281],""crs"":{""type"":""name"",""properties"":{""name"":""EPSG:4326""}}}",NS_NET126_F3_(30),,,,false,126,0.4,1.0,Niederspannung
b9a28095-68f7-44c1-9ccc-6efc5ea84c59,"{""type"":""Point"",""coordinates"":[7.4116482,51.4843281],""crs"":{""type"":""name"",""properties"":{""name"":""EPSG:4326""}}}",NS_NET116_S3_5,,,,false,116,0.4,1.0,Niederspannung
ab3645a7-af26-480d-b1bd-5b0fa00dc83f,"{""type"":""Point"",""coordinates"":[7.4116482,51.4843281],""crs"":{""type"":""name"",""properties"":{""name"":""EPSG:4326""}}}",NS_NET146_F1_(2),,,,false,146,0.4,1.0,Niederspannung
fc7821d2-ac64-483e-b520-38d9971f4db0,"{""type"":""Point"",""coordinates"":[7.4116482,51.4843281],""crs"":{""type"":""name"",""properties"":{""name"":""EPSG:4326""}}}",NS_NET126_F1_(7),,,,false,126,0.4,1.0,Niederspannung
1396cb4c-cee7-4116-97c9-290f98785719,"{""type"":""Point"",""coordinates"":[7.4116482,51.4843281],""crs"":{""type"":""name"",""properties"":{""name"":""EPSG:4326""}}}",MS1_04,,,,false,11,20.0,1.0,Mittelspannung
9f7599de-c488-46c5-b053-1279a511f7b9,"{""type"":""Point"",""coordinates"":[7.4116482,51.4843281],""crs"":{""type"":""name"",""properties"":{""name"":""EPSG:0""}}}",NS_NET146_F4_(16),,,,false,146,0.4,1.0,Niederspannung
f6272655-bd7e-4d2d-8bdd-285f3ac0d3e8,"{""type"":""Point"",""coordinates"":[7.4116482,51.4843281],""crs"":{""type"":""name"",""properties"":{""name"":""EPSG:4326""}}}",NS_NET126_F3_(5),,,,false,126,0.4,1.0,Niederspannung
9502fd3e-c00f-48fa-8b56-c72d21f80f3c,"{""type"":""Point"",""coordinates"":[7.4116482,51.4843281],""crs"":{""type"":""name"",""properties"":{""name"":""EPSG:0""}}}",NS_NET126_F3_(18),,,,false,126,0.4,1.0,Niederspannung
8f80e777-ccbd-4630-b10e-238e824113fd,"{""type"":""Point"",""coordinates"":[7.4116482,51.4843281],""crs"":{""type"":""name"",""properties"":{""name"":""EPSG:4326""}}}",NS_NET146_F1_(36),,,,false,146,0.4,1.0,Niederspannung
15345698-c319-461f-b969-37d50fb84220,"{""type"":""Point"",""coordinates"":[7.4116482,51.4843281],""crs"":{""type"":""name"",""properties"":{""name"":""EPSG:4326""}}}",NS_NET146_F3_(29),,,,false,146,0.4,1.0,Niederspannung
7546df1d-8a62-4650-bf2e-d1e441b38d70,"{""type"":""Point"",""coordinates"":[7.4116482,51.4843281],""crs"":{""type"":""name"",""properties"":{""name"":""EPSG:0""}}}",MS1_07,,,,false,11,20.0,1.0,Mittelspannung
d7023c15-adb7-4d56-9f86-b182611a47ef,"{""type"":""Point"",""coordinates"":[7.4116482,51.4843281],""crs"":{""type"":""name"",""properties"":{""name"":""EPSG:4326""}}}",NS_NET146_F4_(5),,,,false,146,0.4,1.0,Niederspannung
b237dd88-bcba-4a7c-aee6-c0c3e151e14e,"{""type"":""Point"",""coordinates"":[7.4116482,51.4843281],""crs"":{""type"":""name"",""properties"":{""name"":""EPSG:4326""}}}",NS_NET146_F1_(3),,,,false,146,0.4,1.0,Niederspannung
49b511fa-8cff-45f4-9a59-54faaaf90abf,"{""type"":""Point"",""coordinates"":[7.4116482,51.4843281],""crs"":{""type"":""name"",""properties"":{""name"":""EPSG:4326""}}}",NS_NET126_F1_(32),,,,false,126,0.4,1.0,Niederspannung
6a4547a8-630b-46e4-8144-9cd649e67c07,"{""type"":""Point"",""coordinates"":[7.4116482,51.4843281],""crs"":{""type"":""name"",""properties"":{""name"":""EPSG:0""}}}",NS_NET126_F4_(12),,,,false,126,0.4,1.0,Niederspannung
4f28e734-5148-4caf-ac64-270231740cbf,"{""type"":""Point"",""coordinates"":[7.4116482,51.4843281],""crs"":{""type"":""name"",""properties"":{""name"":""EPSG:0""}}}",NS_NET146_F1_(1),,,,false,146,0.4,1.0,Niederspannung
ce71377d-63ea-462a-9290-67e51946a098,"{""type"":""Point"",""coordinates"":[7.4116482,51.4843281],""crs"":{""type"":""name"",""properties"":{""name"":""EPSG:4326""}}}",NS_NET146_F3_(5),,,,false,146,0.4,1.0,Niederspannung
ed4697fd-016c-40c2-a66b-e793878dadea,"{""type"":""Point"",""coordinates"":[7.4116482,51.4843281],""crs"":{""type"":""name"",""properties"":{""name"":""EPSG:4326""}}}",NS_NET136_S1_4,,,,false,136,0.4,1.0,Niederspannung
970cf93c-36c5-4938-a7e4-3f184a7035f0,"{""type"":""Point"",""coordinates"":[7.4116482,51.4843281],""crs"":{""type"":""name"",""properties"":{""name"":""EPSG:0""}}}",NS_NET146_F2_(24),,,,false,146,0.4,1.0,Niederspannung
df8df8d2-3494-4da9-8d1b-f913d15f520f,"{""type"":""Point"",""coordinates"":[7.4116482,51.4843281],""crs"":{""type"":""name"",""properties"":{""name"":""EPSG:4326""}}}",NS_NET126_F3_(14),,,,false,126,0.4,1.0,Niederspannung
39dbc5ed-d874-48a8-9128-e970436a94b4,"{""type"":""Point"",""coordinates"":[7.4116482,51.4843281],""crs"":{""type"":""name"",""properties"":{""name"":""EPSG:4326""}}}",MS3_06,,,,false,13,20.0,1.0,Mittelspannung
b6b1b9fc-e7d8-492d-8601-84c1e756bd83,"{""type"":""Point"",""coordinates"":[7.4116482,51.4843281],""crs"":{""type"":""name"",""properties"":{""name"":""EPSG:4326""}}}",MS3_02,,,,false,13,20.0,1.0,Mittelspannung
582ed42c-fd18-49ae-bdf5-6aa59353c7e3,"{""type"":""Point"",""coordinates"":[7.4116482,51.4843281],""crs"":{""type"":""name"",""properties"":{""name"":""EPSG:0""}}}",MS2_05,,,,false,12,20.0,1.0,Mittelspannung
5fe9c522-37d0-48f8-b3b8-e91b956e39f6,"{""type"":""Point"",""coordinates"":[7.4116482,51.4843281],""crs"":{""type"":""name"",""properties"":{""name"":""EPSG:4326""}}}",NS_NET126_F1_(17),,,,false,126,0.4,1.0,Niederspannung
2645e336-b0df-4d1e-a0ea-375444488f06,"{""type"":""Point"",""coordinates"":[7.4116482,51.4843281],""crs"":{""type"":""name"",""properties"":{""name"":""EPSG:4326""}}}",NS_NET126_F2_(15),,,,false,126,0.4,1.0,Niederspannung
1cb45ba0-d2c2-45a6-9bb2-5f374e30a6e9,"{""type"":""Point"",""coordinates"":[7.4116482,51.4843281],""crs"":{""type"":""name"",""properties"":{""name"":""EPSG:4326""}}}",NS_NET126_F4_(3),,,,false,126,0.4,1.0,Niederspannung
f8dd541b-4a4d-417e-89ff-a9650ee3aac2,"{""type"":""Point"",""coordinates"":[7.4116482,51.4843281],""crs"":{""type"":""name"",""properties"":{""name"":""EPSG:0""}}}",NS_NET146_F4_(12),,,,false,146,0.4,1.0,Niederspannung
77fc154f-f41c-4e75-bbb1-b7fca68b2f4e,"{""type"":""Point"",""coordinates"":[7.4116482,51.4843281],""crs"":{""type"":""name"",""properties"":{""name"":""EPSG:0""}}}",MS4_01,,,,false,14,20.0,1.0,Mittelspannung
00d4a837-f09c-41df-bed1-dfdb78387116,"{""type"":""Point"",""coordinates"":[7.4116482,51.4843281],""crs"":{""type"":""name"",""properties"":{""name"":""EPSG:4326""}}}",NS_NET146_F4_(4),,,,false,146,0.4,1.0,Niederspannung
d82fae59-844a-4c85-997e-326dd876137c,"{""type"":""Point"",""coordinates"":[7.4116482,51.4843281],""crs"":{""type"":""name"",""properties"":{""name"":""EPSG:4326""}}}",NS_NET146_F2_(15),,,,false,146,0.4,1.0,Niederspannung
ae234bc5-b751-41f2-95ee-b78de124c583,"{""type"":""Point"",""coordinates"":[7.4116482,51.4843281],""crs"":{""type"":""name"",""properties"":{""name"":""EPSG:0""}}}",NS_NET126_F3_(15),,,,false,126,0.4,1.0,Niederspannung
36dccefc-f04c-493f-bb88-11343583bf9f,"{""type"":""Point"",""coordinates"":[7.4116482,51.4843281],""crs"":{""type"":""name"",""properties"":{""name"":""EPSG:4326""}}}",NS_NET116_S3_4,,,,false,116,0.4,1.0,Niederspannung
5545d21b-bdc8-495f-bd28-d22ffcc0fafc,"{""type"":""Point"",""coordinates"":[7.4116482,51.4843281],""crs"":{""type"":""name"",""properties"":{""name"":""EPSG:4326""}}}",NS_NET126_F2_(26),,,,false,126,0.4,1.0,Niederspannung
32bd37df-255b-4eb2-9d16-5b711132eee6,"{""type"":""Point"",""coordinates"":[7.4116482,51.4843281],""crs"":{""type"":""name"",""properties"":{""name"":""EPSG:4326""}}}",NS_NET116_S2_5,,,,false,116,0.4,1.0,Niederspannung
0c266541-6235-4d01-8258-e763c58af6c7,"{""type"":""Point"",""coordinates"":[7.4116482,51.4843281],""crs"":{""type"":""name"",""properties"":{""name"":""EPSG:4326""}}}",NS_NET126_F1_(28),,,,false,126,0.4,1.0,Niederspannung
dd9d4153-c56f-4457-ad5e-46a48d4486b6,"{""type"":""Point"",""coordinates"":[7.4116482,51.4843281],""crs"":{""type"":""name"",""properties"":{""name"":""EPSG:0""}}}",NS_NET146_F1_(4),,,,false,146,0.4,1.0,Niederspannung
3a2f199c-2966-4b9a-939b-3a6c9924341c,"{""type"":""Point"",""coordinates"":[7.4116482,51.4843281],""crs"":{""type"":""name"",""properties"":{""name"":""EPSG:0""}}}",NS_NET126_F1_(25),,,,false,126,0.4,1.0,Niederspannung
cbcfc3b6-ac90-4215-975c-a033f5cf9912,"{""type"":""Point"",""coordinates"":[7.4116482,51.4843281],""crs"":{""type"":""name"",""properties"":{""name"":""EPSG:4326""}}}",NS_NET136_S2_2,,,,false,136,0.4,1.0,Niederspannung
8b92ad35-8b0a-49b9-9f66-f42ddfeb9c65,"{""type"":""Point"",""coordinates"":[7.4116482,51.4843281],""crs"":{""type"":""name"",""properties"":{""name"":""EPSG:0""}}}",NS_NET146_F3_(3),,,,false,146,0.4,1.0,Niederspannung
bdf97a4d-622c-4251-8183-8b1a696f376e,"{""type"":""Point"",""coordinates"":[7.4116482,51.4843281],""crs"":{""type"":""name"",""properties"":{""name"":""EPSG:4326""}}}",NS_NET146_F3_(13),,,,false,146,0.4,1.0,Niederspannung
b5548457-5923-4d52-b3c9-fdb75a1df98e,"{""type"":""Point"",""coordinates"":[7.4116482,51.4843281],""crs"":{""type"":""name"",""properties"":{""name"":""EPSG:4326""}}}",NS_NET146_F4_(3),,,,false,146,0.4,1.0,Niederspannung
c7e09266-c778-433b-b01a-5fb9e298ea8e,"{""type"":""Point"",""coordinates"":[7.4116482,51.4843281],""crs"":{""type"":""name"",""properties"":{""name"":""EPSG:4326""}}}",NS_NET126_F4_(2),,,,false,126,0.4,1.0,Niederspannung
da79c960-d35a-4193-9b06-2d4d57051706,"{""type"":""Point"",""coordinates"":[7.4116482,51.4843281],""crs"":{""type"":""name"",""properties"":{""name"":""EPSG:4326""}}}",NS_NET126_F4_(13),,,,false,126,0.4,1.0,Niederspannung
fd4f6232-c28d-4fc3-81dd-03b84aad695e,"{""type"":""Point"",""coordinates"":[7.4116482,51.4843281],""crs"":{""type"":""name"",""properties"":{""name"":""EPSG:0""}}}",NS_NET146_F1_(34),,,,false,146,0.4,1.0,Niederspannung
7cff7ac7-2d18-4c4c-8e1b-893bb050c1ed,"{""type"":""Point"",""coordinates"":[7.4116482,51.4843281],""crs"":{""type"":""name"",""properties"":{""name"":""EPSG:4326""}}}",NS_NET146_F3_(30),,,,false,146,0.4,1.0,Niederspannung
41414318-73e3-4bdc-8147-570a96b28d37,"{""type"":""Point"",""coordinates"":[7.4116482,51.4843281],""crs"":{""type"":""name"",""properties"":{""name"":""EPSG:4326""}}}",NS_NET146_F2_(10),,,,false,146,0.4,1.0,Niederspannung
3f63be7c-7f1a-4e7e-87ee-90ada222f64a,"{""type"":""Point"",""coordinates"":[7.4116482,51.4843281],""crs"":{""type"":""name"",""properties"":{""name"":""EPSG:4326""}}}",NS_NET126_F4_(1),,,,false,126,0.4,1.0,Niederspannung
0d94a5ea-3a13-48ba-a27f-b2903841c334,"{""type"":""Point"",""coordinates"":[7.4116482,51.4843281],""crs"":{""type"":""name"",""properties"":{""name"":""EPSG:4326""}}}",NS_NET146_F1_(17),,,,false,146,0.4,1.0,Niederspannung
b3a7431d-89b0-41cb-87a9-5853890796cd,"{""type"":""Point"",""coordinates"":[7.4116482,51.4843281],""crs"":{""type"":""name"",""properties"":{""name"":""EPSG:4326""}}}",NS_NET116_S1_4,,,,false,116,0.4,1.0,Niederspannung
d29f66a1-dee9-4e3e-9f41-c4bc8d375bbe,"{""type"":""Point"",""coordinates"":[7.4116482,51.4843281],""crs"":{""type"":""name"",""properties"":{""name"":""EPSG:4326""}}}",NS_NET136_ONS,,,,false,136,0.4,1.0,Niederspannung
3dec12fd-3dc6-481d-be05-8df9df7f0c5d,"{""type"":""Point"",""coordinates"":[7.4116482,51.4843281],""crs"":{""type"":""name"",""properties"":{""name"":""EPSG:4326""}}}",NS_NET146_F3_(14),,,,false,146,0.4,1.0,Niederspannung
a7ebd30b-b843-405f-9fae-ca6b489601f9,"{""type"":""Point"",""coordinates"":[7.4116482,51.4843281],""crs"":{""type"":""name"",""properties"":{""name"":""EPSG:4326""}}}",NS_NET126_F1_(2),,,,false,126,0.4,1.0,Niederspannung
33f29587-f63e-45b7-960b-037bda37a3cb,"{""type"":""Point"",""coordinates"":[7.4116482,51.4843281],""crs"":{""type"":""name"",""properties"":{""name"":""EPSG:4326""}}}",HS_NET1_Station_3,,,,false,1,110.0,1.0,Hochspannung
85ec9277-c5fd-4e5b-8a34-9627d9599ad7,"{""type"":""Point"",""coordinates"":[7.4116482,51.4843281],""crs"":{""type"":""name"",""properties"":{""name"":""EPSG:0""}}}",NS_NET146_F3_(18),,,,false,146,0.4,1.0,Niederspannung
60173008-809d-4d8f-b06a-3c4a838dd989,"{""type"":""Point"",""coordinates"":[7.4116482,51.4843281],""crs"":{""type"":""name"",""properties"":{""name"":""EPSG:0""}}}",NS_NET126_F1_(39),,,,false,126,0.4,1.0,Niederspannung
98072ded-726f-4f0b-8bbc-4fb6d5086a7b,"{""type"":""Point"",""coordinates"":[7.4116482,51.4843281],""crs"":{""type"":""name"",""properties"":{""name"":""EPSG:0""}}}",NS_NET126_F4_(7),,,,false,126,0.4,1.0,Niederspannung
b7baa286-cbe2-4143-a08f-4e025af47529,"{""type"":""Point"",""coordinates"":[7.4116482,51.4843281],""crs"":{""type"":""name"",""properties"":{""name"":""EPSG:4326""}}}",NS_NET126_F1_(14),,,,false,126,0.4,1.0,Niederspannung
890f2162-b4cb-49e7-a16f-4b552c5e245c,"{""type"":""Point"",""coordinates"":[7.4116482,51.4843281],""crs"":{""type"":""name"",""properties"":{""name"":""EPSG:4326""}}}",MS4_04,,,,false,14,20.0,1.0,Mittelspannung
49e14db3-a4bc-464a-b606-653ac8a604dd,"{""type"":""Point"",""coordinates"":[7.4116482,51.4843281],""crs"":{""type"":""name"",""properties"":{""name"":""EPSG:4326""}}}",NS_NET146_F2_(13),,,,false,146,0.4,1.0,Niederspannung
9aaf57c4-cc5c-4a01-8c2c-72bc7e231cc9,"{""type"":""Point"",""coordinates"":[7.4116482,51.4843281],""crs"":{""type"":""name"",""properties"":{""name"":""EPSG:4326""}}}",NS_NET146_F2_(14),,,,false,146,0.4,1.0,Niederspannung
012c9eee-86c2-494c-adcc-bbfc481e4a46,"{""type"":""Point"",""coordinates"":[7.4116482,51.4843281],""crs"":{""type"":""name"",""properties"":{""name"":""EPSG:4326""}}}",NS_NET146_F1_(28),,,,false,146,0.4,1.0,Niederspannung
d8c35123-b389-4199-84f9-d417d24bb78d,"{""type"":""Point"",""coordinates"":[7.4116482,51.4843281],""crs"":{""type"":""name"",""properties"":{""name"":""EPSG:4326""}}}",NS_NET126_F2_(16),,,,false,126,0.4,1.0,Niederspannung
462ca5a4-7ac1-4dbe-a1cf-0bb6b9b9b717,"{""type"":""Point"",""coordinates"":[7.4116482,51.4843281],""crs"":{""type"":""name"",""properties"":{""name"":""EPSG:4326""}}}",NS_NET126_F3_(17),,,,false,126,0.4,1.0,Niederspannung
bd288184-99d8-4233-bb3d-484f3922200a,"{""type"":""Point"",""coordinates"":[7.4116482,51.4843281],""crs"":{""type"":""name"",""properties"":{""name"":""EPSG:4326""}}}",NS_NET146_F3_(26),,,,false,146,0.4,1.0,Niederspannung
9baae5ff-40e3-48cb-9ddf-de6d1c133e13,"{""type"":""Point"",""coordinates"":[7.4116482,51.4843281],""crs"":{""type"":""name"",""properties"":{""name"":""EPSG:4326""}}}",NS_NET146_F1_(27),,,,false,146,0.4,1.0,Niederspannung
3e4cce4a-6e85-4ec2-b3ea-08673a0ada15,"{""type"":""Point"",""coordinates"":[7.4116482,51.4843281],""crs"":{""type"":""name"",""properties"":{""name"":""EPSG:4326""}}}",NS_NET126_F1_(37),,,,false,126,0.4,1.0,Niederspannung
0228ffcd-f6bc-47c8-b26c-fcc0abacd963,"{""type"":""Point"",""coordinates"":[7.4116482,51.4843281],""crs"":{""type"":""name"",""properties"":{""name"":""EPSG:4326""}}}",NS_NET146_F2_(5),,,,false,146,0.4,1.0,Niederspannung
75f2dfb9-75a0-496d-9c44-79e7df54c1df,"{""type"":""Point"",""coordinates"":[7.4116482,51.4843281],""crs"":{""type"":""name"",""properties"":{""name"":""EPSG:4326""}}}",NS_NET126_F4_(8),,,,false,126,0.4,1.0,Niederspannung
7d45f0ab-1e6b-452f-b665-c4846cf046f5,"{""type"":""Point"",""coordinates"":[7.4116482,51.4843281],""crs"":{""type"":""name"",""properties"":{""name"":""EPSG:0""}}}",NS_NET146_F1_(20),,,,false,146,0.4,1.0,Niederspannung
e3a40690-d085-4796-9fcb-48d776e58594,"{""type"":""Point"",""coordinates"":[7.4116482,51.4843281],""crs"":{""type"":""name"",""properties"":{""name"":""EPSG:0""}}}",NS_NET126_F4_(6),,,,false,126,0.4,1.0,Niederspannung
80d8252b-045f-471a-9638-416ed3f86120,"{""type"":""Point"",""coordinates"":[7.4116482,51.4843281],""crs"":{""type"":""name"",""properties"":{""name"":""EPSG:4326""}}}",NS_NET126_F1_(31),,,,false,126,0.4,1.0,Niederspannung
2f921888-36d3-4c88-a8aa-1ecbdc62b9c4,"{""type"":""Point"",""coordinates"":[7.4116482,51.4843281],""crs"":{""type"":""name"",""properties"":{""name"":""EPSG:0""}}}",NS_NET146_F1_(18),,,,false,146,0.4,1.0,Niederspannung
06b7f21a-d6d7-4ec0-94c6-141845f14986,"{""type"":""Point"",""coordinates"":[7.4116482,51.4843281],""crs"":{""type"":""name"",""properties"":{""name"":""EPSG:4326""}}}",NS_NET126_F1_(38),,,,false,126,0.4,1.0,Niederspannung
e05c68b1-11cd-43fd-a4b2-31e4db380c78,"{""type"":""Point"",""coordinates"":[7.4116482,51.4843281],""crs"":{""type"":""name"",""properties"":{""name"":""EPSG:4326""}}}",NS_NET116_S2_4,,,,false,116,0.4,1.0,Niederspannung
5e213f42-d93e-45c5-a295-adbe09105746,"{""type"":""Point"",""coordinates"":[7.4116482,51.4843281],""crs"":{""type"":""name"",""properties"":{""name"":""EPSG:4326""}}}",NS_NET146_F1_(31),,,,false,146,0.4,1.0,Niederspannung
ff947647-b551-41ae-bcfd-6af228250c96,"{""type"":""Point"",""coordinates"":[7.4116482,51.4843281],""crs"":{""type"":""name"",""properties"":{""name"":""EPSG:0""}}}",NS_NET126_F1_(4),,,,false,126,0.4,1.0,Niederspannung
dc022eec-16b0-4a64-a2f5-498d81aca71e,"{""type"":""Point"",""coordinates"":[7.4116482,51.4843281],""crs"":{""type"":""name"",""properties"":{""name"":""EPSG:4326""}}}",NS_NET126_F3_(26),,,,false,126,0.4,1.0,Niederspannung
6678c226-c5d2-4ce3-9728-dc1163be799f,"{""type"":""Point"",""coordinates"":[7.4116482,51.4843281],""crs"":{""type"":""name"",""properties"":{""name"":""EPSG:4326""}}}",NS_NET126_F2_(11),,,,false,126,0.4,1.0,Niederspannung
a5c73608-5a85-495d-bea0-df77b6ce66ea,"{""type"":""Point"",""coordinates"":[7.4116482,51.4843281],""crs"":{""type"":""name"",""properties"":{""name"":""EPSG:4326""}}}",NS_NET146_F2_(9),,,,false,146,0.4,1.0,Niederspannung
3bc8235b-03b5-489b-81a2-58d520fbe28e,"{""type"":""Point"",""coordinates"":[7.4116482,51.4843281],""crs"":{""type"":""name"",""properties"":{""name"":""EPSG:4326""}}}",NS_NET136_S3_5,,,,false,136,0.4,1.0,Niederspannung
4258f215-5b22-446f-a260-e8cdaa7c95d1,"{""type"":""Point"",""coordinates"":[7.4116482,51.4843281],""crs"":{""type"":""name"",""properties"":{""name"":""EPSG:4326""}}}",NS_NET126_F3_(11),,,,false,126,0.4,1.0,Niederspannung
1dee13af-e638-4858-9c69-0069190cd577,"{""type"":""Point"",""coordinates"":[7.4116482,51.4843281],""crs"":{""type"":""name"",""properties"":{""name"":""EPSG:0""}}}",NS_NET126_F2_(21),,,,false,126,0.4,1.0,Niederspannung
bb59ca46-1f2e-41c9-9723-90b306f043cd,"{""type"":""Point"",""coordinates"":[7.4116482,51.4843281],""crs"":{""type"":""name"",""properties"":{""name"":""EPSG:0""}}}",MS3_01,,,,false,13,20.0,1.0,Mittelspannung
174fb4b2-4f9e-415c-bfee-d850ef751307,"{""type"":""Point"",""coordinates"":[7.4116482,51.4843281],""crs"":{""type"":""name"",""properties"":{""name"":""EPSG:4326""}}}",MS4_02,,,,false,14,20.0,1.0,Mittelspannung
535843a3-cf93-412f-b4d7-585337791ba8,"{""type"":""Point"",""coordinates"":[7.4116482,51.4843281],""crs"":{""type"":""name"",""properties"":{""name"":""EPSG:4326""}}}",MS2_02,,,,false,12,20.0,1.0,Mittelspannung
9d10a92f-576d-4777-99ff-59d145924fea,"{""type"":""Point"",""coordinates"":[7.4116482,51.4843281],""crs"":{""type"":""name"",""properties"":{""name"":""EPSG:4326""}}}",NS_NET126_F1_(12),,,,false,126,0.4,1.0,Niederspannung
f1e88392-3b2a-4ce8-a31f-c963f08f8043,"{""type"":""Point"",""coordinates"":[7.4116482,51.4843281],""crs"":{""type"":""name"",""properties"":{""name"":""EPSG:0""}}}",NS_NET146_F3_(7),,,,false,146,0.4,1.0,Niederspannung
5071dd8c-bbc1-4c8d-a180-4492f80e183d,"{""type"":""Point"",""coordinates"":[7.4116482,51.4843281],""crs"":{""type"":""name"",""properties"":{""name"":""EPSG:4326""}}}",NS_NET146_F2_(6),,,,false,146,0.4,1.0,Niederspannung
b425b28e-48a8-4ec4-a15a-387fcfb79895,"{""type"":""Point"",""coordinates"":[7.4116482,51.4843281],""crs"":{""type"":""name"",""properties"":{""name"":""EPSG:0""}}}",NS_NET126_F1_(33),,,,false,126,0.4,1.0,Niederspannung
bea7ca63-3ae4-4280-8127-fe2c7fd5ea2d,"{""type"":""Point"",""coordinates"":[7.4116482,51.4843281],""crs"":{""type"":""name"",""properties"":{""name"":""EPSG:0""}}}",NS_NET146_F4_(7),,,,false,146,0.4,1.0,Niederspannung
34cd8ee0-e607-4c47-89a7-121c3e32768a,"{""type"":""Point"",""coordinates"":[7.4116482,51.4843281],""crs"":{""type"":""name"",""properties"":{""name"":""EPSG:4326""}}}",HS_NET1_Station_1_380,,,,true,1000,380.0,1.0,Hchstspannung
857c264a-7072-4bb7-af56-2f01539b2a2e,"{""type"":""Point"",""coordinates"":[7.4116482,51.4843281],""crs"":{""type"":""name"",""properties"":{""name"":""EPSG:4326""}}}",NS_NET126_F4_(10),,,,false,126,0.4,1.0,Niederspannung
df97c0d1-379b-417a-a473-8e7fe37da99d,"{""type"":""Point"",""coordinates"":[7.4116482,51.4843281],""crs"":{""type"":""name"",""properties"":{""name"":""EPSG:4326""}}}",MS2_06,,,,false,12,20.0,1.0,Mittelspannung
550ebca7-1455-44eb-9431-ffbf08e58bd4,"{""type"":""Point"",""coordinates"":[7.4116482,51.4843281],""crs"":{""type"":""name"",""properties"":{""name"":""EPSG:0""}}}",NS_NET116_S3_2,,,,false,116,0.4,1.0,Niederspannung
b8fa1f73-223c-4b08-a140-44f12484cce3,"{""type"":""Point"",""coordinates"":[7.4116482,51.4843281],""crs"":{""type"":""name"",""properties"":{""name"":""EPSG:0""}}}",NS_NET126_F4_(16),,,,false,126,0.4,1.0,Niederspannung
3e21f3a1-2c9c-4138-bcc9-466b004609ed,"{""type"":""Point"",""coordinates"":[7.4116482,51.4843281],""crs"":{""type"":""name"",""properties"":{""name"":""EPSG:4326""}}}",NS_NET116_S1_2,,,,false,116,0.4,1.0,Niederspannung
27d9e46d-5a9a-44f9-b17e-cd6cffb5e769,"{""type"":""Point"",""coordinates"":[7.4116482,51.4843281],""crs"":{""type"":""name"",""properties"":{""name"":""EPSG:0""}}}",NS_NET126_F1_(29),,,,false,126,0.4,1.0,Niederspannung
e2267696-669b-48e8-b43a-37d0db95011d,"{""type"":""Point"",""coordinates"":[7.4116482,51.4843281],""crs"":{""type"":""name"",""properties"":{""name"":""EPSG:4326""}}}",NS_NET146_F3_(11),,,,false,146,0.4,1.0,Niederspannung
22e58399-428f-4633-9ee4-e5fa0db68d6d,"{""type"":""Point"",""coordinates"":[7.4116482,51.4843281],""crs"":{""type"":""name"",""properties"":{""name"":""EPSG:0""}}}",NS_NET146_F3_(1),,,,false,146,0.4,1.0,Niederspannung
8f422111-67d7-42f0-9f80-fbd0ec64c4fc,"{""type"":""Point"",""coordinates"":[7.4116482,51.4843281],""crs"":{""type"":""name"",""properties"":{""name"":""EPSG:0""}}}",NS_NET126_F2_(3),,,,false,126,0.4,1.0,Niederspannung
773aebe4-fc03-46be-8209-0213e2760a8e,"{""type"":""Point"",""coordinates"":[7.4116482,51.4843281],""crs"":{""type"":""name"",""properties"":{""name"":""EPSG:4326""}}}",NS_NET146_F3_(24),,,,false,146,0.4,1.0,Niederspannung
4f78fe6d-3cb2-4d99-8c67-4f14cb626813,"{""type"":""Point"",""coordinates"":[7.4116482,51.4843281],""crs"":{""type"":""name"",""properties"":{""name"":""EPSG:4326""}}}",NS_NET126_F1_(16),,,,false,126,0.4,1.0,Niederspannung
f1cef042-1fc4-4bd8-b17f-dfbded4f2aaa,"{""type"":""Point"",""coordinates"":[7.4116482,51.4843281],""crs"":{""type"":""name"",""properties"":{""name"":""EPSG:4326""}}}",NS_NET146_F2_(7),,,,false,146,0.4,1.0,Niederspannung
97ae0aa4-bf05-4b88-8020-83cbda415d22,"{""type"":""Point"",""coordinates"":[7.4116482,51.4843281],""crs"":{""type"":""name"",""properties"":{""name"":""EPSG:4326""}}}",NS_NET126_F3_(24),,,,false,126,0.4,1.0,Niederspannung
c72a08bc-4685-49b1-b8ef-803aebc8c388,"{""type"":""Point"",""coordinates"":[7.4116482,51.4843281],""crs"":{""type"":""name"",""properties"":{""name"":""EPSG:4326""}}}",NS_NET146_F3_(28),,,,false,146,0.4,1.0,Niederspannung
d2aff632-fc26-4595-931c-92e266247ac8,"{""type"":""Point"",""coordinates"":[7.4116482,51.4843281],""crs"":{""type"":""name"",""properties"":{""name"":""EPSG:4326""}}}",NS_NET126_F1_(19),,,,false,126,0.4,1.0,Niederspannung
270c7266-45dc-4e45-829f-c04f6b631cad,"{""type"":""Point"",""coordinates"":[7.4116482,51.4843281],""crs"":{""type"":""name"",""properties"":{""name"":""EPSG:0""}}}",NS_NET126_F1_(11),,,,false,126,0.4,1.0,Niederspannung
69f7846e-d979-4c77-8a3b-e2ec2e1f6e76,"{""type"":""Point"",""coordinates"":[7.4116482,51.4843281],""crs"":{""type"":""name"",""properties"":{""name"":""EPSG:0""}}}",MS2_03,,,,false,12,20.0,1.0,Mittelspannung
d5489e1b-0e7e-4ca9-a362-09c23576a622,"{""type"":""Point"",""coordinates"":[7.4116482,51.4843281],""crs"":{""type"":""name"",""properties"":{""name"":""EPSG:4326""}}}",NS_NET146_F1_(8),,,,false,146,0.4,1.0,Niederspannung
450426ac-a560-4d17-b1fc-9e169530a655,"{""type"":""Point"",""coordinates"":[7.4116482,51.4843281],""crs"":{""type"":""name"",""properties"":{""name"":""EPSG:0""}}}",NS_NET146_F1_(37),,,,false,146,0.4,1.0,Niederspannung
