uuid;cos_phi_rated;dsm;e_cons_annual;id;load_profile;node;operates_from;operates_until;operator;q_characteristics;s_rated;em
a5a77bf9-c48c-401b-b80a-000dd8cdbb8e;0.93;false;0.0;LV5.201 Load 106;h0;8e391fa0-67f7-4aab-9bf0-a8c3b06630c1;;;;cosPhiFixed:{(0.0,0.93)};2.2;
ee1d68e3-4683-4ca5-ad77-b47030fffd28;0.93;false;0.0;LV5.201 Load 20;h0;cd195a9e-07f9-487f-a11e-182b844f5578;;;;cosPhiFixed:{(0.0,0.93)};3.2;
e48b2b04-add2-46de-a79b-e192a7c4486a;0.93;false;0.0;LV5.201 Load 11;h0;044291ff-93b8-4bbd-aaca-fda1feb15e3c;;;;cosPhiFixed:{(0.0,0.93)};1.1;
5fbebcaf-8836-4246-a16b-8c051e36d694;0.93;false;0.0;LV5.201 Load 26;h0;66f5ead8-6124-4f19-9221-dca9ccb36a5e;;;;cosPhiFixed:{(0.0,0.93)};2.2;
e4be0e5c-db02-43b2-bc6c-ca1906150057;0.93;false;0.0;LV5.201 Load 41;h0;833165cb-dd16-4e86-a8f4-394a4695e9a6;;;;cosPhiFixed:{(0.0,0.93)};4.3;
dd9b3905-f789-498c-b1b9-816d25905b96;0.93;false;0.0;LV5.201 Load 3;h0;33056444-02ca-4d77-8f3f-bd706f1ad1e2;;;;cosPhiFixed:{(0.0,0.93)};2.2;
54f77567-4314-4fca-8bb5-5d4fa3bcfdcf;0.93;false;0.0;LV5.201 Load 111;h0;f4f0af49-2cf1-46e9-a44d-4092708293dd;;;;cosPhiFixed:{(0.0,0.93)};11.7;
9975835d-5d6e-4cd7-abdc-51d53ff3efdf;0.93;false;0.0;LV5.201 Load 40;h0;2dc4212b-1065-45e7-b6c9-a2f134ece0d5;;;;cosPhiFixed:{(0.0,0.93)};7.4;
9db3672a-60ac-4495-8bd2-13e1da43fd29;0.93;false;0.0;LV5.201 Load 59;h0;54665c3e-4fee-4479-801d-af2f2ad23b7f;;;;cosPhiFixed:{(0.0,0.93)};3.2;
4fe4ded7-1bb7-4c6e-a9fc-d28f481023d0;0.93;false;0.0;LV5.201 Load 46;h0;e12ba547-ace3-4de4-83dd-dbfe50f14dc1;;;;cosPhiFixed:{(0.0,0.93)};4.3;
eb04148b-1bdd-4748-a5ae-0796b069491e;0.93;false;0.0;LV5.201 Load 30;h0;34dedad9-b881-4785-8c98-538201643072;;;;cosPhiFixed:{(0.0,0.93)};7.4;
6caedf74-a845-4b81-927f-337780df9da8;0.93;false;0.0;LV5.201 Load 112;h0;f4f0af49-2cf1-46e9-a44d-4092708293dd;;;;cosPhiFixed:{(0.0,0.93)};3.2;
e3aab3c3-eed5-4381-bfa4-b15347ca8088;0.93;false;0.0;LV5.201 Load 48;h0;951e8403-69bd-4ddf-9a05-9f883cb2963e;;;;cosPhiFixed:{(0.0,0.93)};1.1;
1a053fa2-00ae-4d85-a1f2-299d9aaef0fa;0.93;false;0.0;LV5.201 Load 93;h0;10bf2cdc-6bf6-4490-8671-b606b39680da;;;;cosPhiFixed:{(0.0,0.93)};3.2;
342ddef3-61a6-45e1-8ebf-372e8ce1a850;0.93;false;0.0;LV5.201 Load 87;h0;9779fdbd-4584-4a97-b7b9-8b60e26c0483;;;;cosPhiFixed:{(0.0,0.93)};4.3;
e36dc17a-d8ea-49c9-85dc-bc59236c0e25;0.93;false;0.0;LV5.201 Load 39;h0;7101cdb8-c9dd-47c9-a273-cbe52495fa8e;;;;cosPhiFixed:{(0.0,0.93)};4.3;
bd1e9672-a607-4d5c-a287-8a5456fa649c;0.93;false;0.0;LV5.201 Load 128;h0;1d8a047b-b203-4779-baea-79e5cec44c63;;;;cosPhiFixed:{(0.0,0.93)};7.4;
09f8bf95-e886-4913-9686-47780fc595fb;0.93;false;0.0;LV5.201 Load 45;h0;1a9038f2-246a-4f30-82df-fd04391f6cef;;;;cosPhiFixed:{(0.0,0.93)};3.2;
de1a05ba-ae3a-49bb-93f5-7a43a69f144f;0.93;false;0.0;LV5.201 Load 85;h0;615f9d68-1499-45e4-b9ac-6beb6bbe9d38;;;;cosPhiFixed:{(0.0,0.93)};2.2;
cd7bba09-984f-4e6a-96e8-04dbaeb8b7cc;0.93;false;0.0;LV5.201 Load 70;h0;278c8c15-cc4d-4491-bc89-cdccafa4dfba;;;;cosPhiFixed:{(0.0,0.93)};4.3;
346b13ba-cc50-4a67-aabb-6030a67399e6;0.93;false;0.0;LV5.201 Load 102;h0;34437577-2a08-4e9f-828c-c2a5ff72671c;;;;cosPhiFixed:{(0.0,0.93)};5.3;4d6dc15b-e4c8-4d5a-a3ed-48bbae8eb65e
428f4368-3c88-4f5a-9337-ce6242e4fed0;0.93;false;0.0;LV5.201 Load 90;h0;d5e8ef17-961f-4982-a5cf-1de7244f1290;;;;cosPhiFixed:{(0.0,0.93)};4.3;
6ee50b6e-103b-41ac-9543-134f54bac943;0.93;false;0.0;LV5.201 Load 60;h0;eeb0aadb-5e0c-4d4e-bd09-078f4e3bffe1;;;;cosPhiFixed:{(0.0,0.93)};2.2;
95bfe2da-cc78-4aff-a4ca-a84625f5614f;0.93;false;0.0;LV5.201 Load 92;h0;c5d5b113-3deb-47dd-8d71-d2204e5fdca7;;;;cosPhiFixed:{(0.0,0.93)};2.2;
c7121294-3756-44de-a910-768748a58121;0.93;false;0.0;LV5.201 Load 89;h0;3f24fbcb-f3aa-41ec-8eaf-4fc2657c1293;;;;cosPhiFixed:{(0.0,0.93)};2.2;
50714933-9ac5-4888-a447-e3b83220a349;0.93;false;0.0;LV5.201 Load 127;h0;4f946656-0ab8-4071-a5f6-4dff0549384d;;;;cosPhiFixed:{(0.0,0.93)};4.3;
805ecdff-1e7b-4f12-b16d-567cdc58423d;0.93;false;0.0;LV5.201 Load 8;h0;aea8015d-3d58-4c1f-94f9-56a414a9beb9;;;;cosPhiFixed:{(0.0,0.93)};7.4;96347daa-b3b5-4cda-bf21-2b2168ce6427
922cbc76-3dc5-4251-a973-afb72f6a97cb;0.93;false;0.0;LV5.201 Load 27;h0;adc36daf-fcf5-4bdd-b74d-28b9558cc92b;;;;cosPhiFixed:{(0.0,0.93)};3.2;
35943874-4098-480f-8706-5cdd3578ab04;0.93;false;0.0;LV5.201 Load 4;h0;302a9994-fd45-4a62-8071-c73ec6b7f213;;;;cosPhiFixed:{(0.0,0.93)};4.3;
71b35b90-1ec8-4461-a34e-60886b0f1f13;0.93;false;0.0;LV5.201 Load 53;h0;564f8d90-d0a9-422f-969a-71af58608d96;;;;cosPhiFixed:{(0.0,0.93)};4.3;
26dbffcc-7e82-439f-b2de-b9a2facdc8e4;0.93;false;0.0;LV5.201 Load 104;h0;27d045c4-aec8-42e1-853d-9b519df99959;;;;cosPhiFixed:{(0.0,0.93)};5.3;
5b164a76-49b4-4a2d-8e23-3d436ea655cf;0.93;false;0.0;LV5.201 Load 50;h0;4f946656-0ab8-4071-a5f6-4dff0549384d;;;;cosPhiFixed:{(0.0,0.93)};3.2;
9851b05f-b3eb-4f59-ba31-a2d3141fb200;0.93;false;0.0;LV5.201 Load 94;h0;6c13b5b9-3f6b-462e-988d-59d4207ba380;;;;cosPhiFixed:{(0.0,0.93)};7.4;
3c666836-8596-4aeb-aa5d-70accf4d3d19;0.93;false;0.0;LV5.201 Load 121;h0;7ce26d27-23f1-4e3c-95ba-775864fc4700;;;;cosPhiFixed:{(0.0,0.93)};5.3;
f2c5f965-6cf4-43f3-be14-cb7b8d20fc24;0.93;false;0.0;LV5.201 Load 56;h0;7ce26d27-23f1-4e3c-95ba-775864fc4700;;;;cosPhiFixed:{(0.0,0.93)};4.3;
a6e6d199-deda-4b5e-995d-2c8ff98cc26f;0.93;false;0.0;LV5.201 Load 107;h0;bf19ca2e-899f-4eaf-a7a7-7c8e05a307f6;;;;cosPhiFixed:{(0.0,0.93)};4.3;
9176ce54-3a86-466a-a1f2-543662258baf;0.93;false;0.0;LV5.201 Load 32;h0;cf507f98-a0d5-4ace-ba21-809005c77910;;;;cosPhiFixed:{(0.0,0.93)};3.2;b9e4a8ad-8b48-4e50-92cc-5f335cf7ca51
994838f3-03e6-4a66-b436-252fadf90404;0.93;false;0.0;LV5.201 Load 114;h0;bf19ca2e-899f-4eaf-a7a7-7c8e05a307f6;;;;cosPhiFixed:{(0.0,0.93)};4.0;
6d6418e4-718b-41e7-929d-1c35a693cc69;0.93;false;0.0;LV5.201 Load 49;h0;cabf1b74-e70f-4e47-96b2-3dbc402dfb53;;;;cosPhiFixed:{(0.0,0.93)};4.3;
bbfaa9ad-2040-4dd0-bf1c-9674e02b7109;0.93;false;0.0;LV5.201 Load 35;h0;80a8d607-7298-4841-93af-904b696b3a96;;;;cosPhiFixed:{(0.0,0.93)};3.2;
e79c20bd-22c4-41f1-85b0-b68e12787108;0.93;false;0.0;LV5.201 Load 44;h0;508f60d6-237f-4223-b389-7eb9fab5c380;;;;cosPhiFixed:{(0.0,0.93)};4.3;
3ebbe3ad-6fd8-41ef-8eab-a84c88a56b2d;0.93;false;0.0;LV5.201 Load 5;h0;35265d95-25aa-4f02-a015-2b0741defeb3;;;;cosPhiFixed:{(0.0,0.93)};3.2;
78209ddd-ecf0-483e-9cb9-da8fd858688e;0.93;false;0.0;LV5.201 Load 122;h0;1f6384f0-8c5a-4420-bd4b-a877eeb98e62;;;;cosPhiFixed:{(0.0,0.93)};11.7;
59a5b92d-f368-4eac-83ef-7276e3f64d91;0.93;false;0.0;LV5.201 Load 66;h0;bdad62b0-0a7e-4978-a1f1-d18851fa97aa;;;;cosPhiFixed:{(0.0,0.93)};2.2;
a3b754f4-d716-49bb-afa8-43a10f194666;0.93;false;0.0;LV5.201 Load 76;h0;11ab2c68-f7f3-4794-a93b-cf795c1383f8;;;;cosPhiFixed:{(0.0,0.93)};3.2;
b09a641c-b71d-456b-ab2e-9d8132a8c694;0.93;false;0.0;LV5.201 Load 23;h0;f0a6b995-ff8c-4d62-9b8f-ee33444bca25;;;;cosPhiFixed:{(0.0,0.93)};5.3;f1b10c39-b6b8-4d96-95d4-b1269d1359b0
3e52cf0c-3320-4a9b-8d9d-6547eff76d45;0.93;false;0.0;LV5.201 Load 116;h0;70b2b789-684b-4eb5-bdf7-00f06fde771b;;;;cosPhiFixed:{(0.0,0.93)};4.0;
fcc9fd89-b9e3-406a-a00d-660dddf6174a;0.93;false;0.0;LV5.201 Load 25;h0;65672ff4-a670-4967-8c0e-0163844cbbad;;;;cosPhiFixed:{(0.0,0.93)};4.3;
563d1589-ef26-4c92-87cb-74f15f423b29;0.93;false;0.0;LV5.201 Load 54;h0;48bde2be-fe4e-4b5c-b55a-4f170a5ed139;;;;cosPhiFixed:{(0.0,0.93)};4.3;
c59a23db-17df-4865-aaff-a2e45b475267;0.93;false;0.0;LV5.201 Load 13;h0;1d8a047b-b203-4779-baea-79e5cec44c63;;;;cosPhiFixed:{(0.0,0.93)};3.2;
1c54d2d5-c2f0-472e-986a-e30805d3743c;0.93;false;0.0;LV5.201 Load 6;h0;46a1407f-2e1d-4a31-9660-a4c215e8a65b;;;;cosPhiFixed:{(0.0,0.93)};3.2;
be3a043d-2c87-4ad1-bd2b-0ac86fc9bdd8;0.93;false;0.0;LV5.201 Load 124;h0;70b2b789-684b-4eb5-bdf7-00f06fde771b;;;;cosPhiFixed:{(0.0,0.93)};23.4;
2b47556f-b197-487d-8d9e-85345942e5a8;0.93;false;0.0;LV5.201 Load 22;h0;1a492f0b-c753-4dc4-bb73-eb9c0df342ca;;;;cosPhiFixed:{(0.0,0.93)};4.3;
53e9700c-ce35-4e09-acd3-339db4d580fd;0.93;false;0.0;LV5.201 Load 38;h0;a4dc8c09-e629-487b-a4f0-d49f6a1927c9;;;;cosPhiFixed:{(0.0,0.93)};4.3;
ba175f34-f1e4-482a-85d9-89846a26a3fc;0.93;false;0.0;LV5.201 Load 99;h0;347e07f0-fe36-40b0-854c-ab13ca28fb05;;;;cosPhiFixed:{(0.0,0.93)};26.4;
223912e8-3587-4787-9789-4b8793cde22e;0.93;false;0.0;LV5.201 Load 72;h0;d718f654-3af7-4f10-8565-efdce7488492;;;;cosPhiFixed:{(0.0,0.93)};2.2;
b128ab5e-28e2-4d3a-a4b9-cfdab852adc5;0.93;false;0.0;LV5.201 Load 74;h0;77e70b68-7c4e-4ca2-bed2-bb49d3999d2f;;;;cosPhiFixed:{(0.0,0.93)};1.1;9a62d282-ee5b-4035-a601-7395fba20f99
1919332b-b7a7-4d32-8a49-c5c905874f5e;0.93;false;0.0;LV5.201 Load 103;h0;8868bde0-8b48-4836-a4f0-a13db981572c;;;;cosPhiFixed:{(0.0,0.93)};5.3;
21365719-570e-430a-af2a-345710bd8527;0.93;false;0.0;LV5.201 Load 110;h0;a4dc8c09-e629-487b-a4f0-d49f6a1927c9;;;;cosPhiFixed:{(0.0,0.93)};4.0;
24692095-1365-4e00-b0d7-49b0ff797774;0.93;false;0.0;LV5.201 Load 115;h0;a76ef0fe-0574-489e-bf65-e7795835163c;;;;cosPhiFixed:{(0.0,0.93)};5.3;
5901df30-3b7f-4404-abd6-0f34a2792c24;0.93;false;0.0;LV5.201 Load 101;h0;f417c658-f116-4e5f-a456-9d6fcbb0ac5d;;;;cosPhiFixed:{(0.0,0.93)};5.3;
b1ad6c03-bc7b-4254-a66c-fb5e555edc97;0.93;false;0.0;LV5.201 Load 57;h0;2fb93a88-2e62-476b-936c-787ce136a9d2;;;;cosPhiFixed:{(0.0,0.93)};9.6;
47f098b2-e1dd-43e2-879a-aa3abd861f9b;0.93;false;0.0;LV5.201 Load 81;h0;529c1b55-668b-4757-8c64-228615d02584;;;;cosPhiFixed:{(0.0,0.93)};3.2;
80376773-9fd3-480e-ac46-619e37856140;0.93;false;0.0;LV5.201 Load 73;h0;f5089cbb-6f6a-40c7-9895-521dae30f8d7;;;;cosPhiFixed:{(0.0,0.93)};3.2;
bed1b1ef-8b95-4c4a-b0ba-4b1673a1c672;0.93;false;0.0;LV5.201 Load 9;h0;08b01d28-748b-4888-94b7-e3694a158ee5;;;;cosPhiFixed:{(0.0,0.93)};1.1;
47180778-cc8b-4289-bbe3-bd4a267c7a18;0.93;false;0.0;LV5.201 Load 55;h0;ebc1d67e-4aba-4bc2-a243-10858e3e311c;;;;cosPhiFixed:{(0.0,0.93)};4.3;
401903f3-b8ce-4432-bba6-4a94f932522d;0.93;false;0.0;LV5.201 Load 61;h0;ffd590ed-9c75-46ee-8f67-6e737ed8b1e5;;;;cosPhiFixed:{(0.0,0.93)};5.3;
7a10a599-b012-47b7-92d5-0a2d01bdcb95;0.93;false;0.0;LV5.201 Load 2;h0;bf19ca2e-899f-4eaf-a7a7-7c8e05a307f6;;;;cosPhiFixed:{(0.0,0.93)};2.2;
f8256809-6f15-4de8-ae05-6e1ec94da5f5;0.93;false;0.0;LV5.201 Load 95;h0;4b3d7617-e748-4d97-a3aa-757c8dd41fd7;;;;cosPhiFixed:{(0.0,0.93)};5.3;
af21fea8-8122-46e2-bd4a-2b3cc7d49ccd;0.93;false;0.0;LV5.201 Load 17;h0;c38886b3-24cb-4f06-b472-abeb0de5e9f7;;;;cosPhiFixed:{(0.0,0.93)};3.2;
0a210abf-e147-43ad-bcdc-26a5e0f8c48d;0.93;false;0.0;LV5.201 Load 97;h0;747e524c-88b2-4247-81d7-14c08e68f447;;;;cosPhiFixed:{(0.0,0.93)};7.4;
9ca0784f-0307-4d12-b0ae-7e579ffa18e6;0.93;false;0.0;LV5.201 Load 78;h0;d6f89307-8225-428b-b9cc-b0bfbb641f43;;;;cosPhiFixed:{(0.0,0.93)};4.3;
57410a7a-e295-4990-a508-49d0470f198e;0.93;false;0.0;LV5.201 Load 120;h0;cd195a9e-07f9-487f-a11e-182b844f5578;;;;cosPhiFixed:{(0.0,0.93)};11.7;
23889556-20aa-4887-9078-593a3205131a;0.93;false;0.0;LV5.201 Load 52;h0;fdc7babd-b23e-4189-9a16-c4b0729dba42;;;;cosPhiFixed:{(0.0,0.93)};4.3;
d1c4300b-0fef-4a3c-a13d-a724d337292f;0.93;false;0.0;LV5.201 Load 77;h0;fe40134f-20fd-46d3-986a-7061d6dfed92;;;;cosPhiFixed:{(0.0,0.93)};4.3;
401f6aa7-9400-4d33-9e0f-e06307e2798c;0.93;false;0.0;LV5.201 Load 24;h0;e02a26b3-aeea-4b9c-afd5-4534fe322201;;;;cosPhiFixed:{(0.0,0.93)};4.3;
d8c9369e-f491-4bb1-84cf-fbab792620ea;0.93;false;0.0;LV5.201 Load 12;h0;0eb74bf9-4ab1-4d30-b250-f70d51885d1d;;;;cosPhiFixed:{(0.0,0.93)};4.3;
db252977-8ea3-4fdc-8f13-bd4a98e6523a;0.93;false;0.0;LV5.201 Load 67;h0;a76ef0fe-0574-489e-bf65-e7795835163c;;;;cosPhiFixed:{(0.0,0.93)};3.2;
459866e1-349d-4842-901d-73b11f9ccf38;0.94;false;0.0;LV5.201 Load 129;h0;f417c658-f116-4e5f-a456-9d6fcbb0ac5d;;;;cosPhiFixed:{(0.0,0.94)};4.0;
b31d6130-9b18-4a38-80d9-d9239f51e2fd;0.93;false;0.0;LV5.201 Load 75;h0;df61201d-efba-49ed-a9cf-8f28f64fb9e7;;;;cosPhiFixed:{(0.0,0.93)};3.2;f4b1242d-9350-4a91-9388-3f951295a773
96d00498-6169-449c-9822-f9004fe4104c;0.93;false;0.0;LV5.201 Load 80;h0;d5fc883b-d6fa-42f0-acbf-b273a5fc9210;;;;cosPhiFixed:{(0.0,0.93)};7.4;
64398cb0-284d-43a7-b60f-5af98e5392a4;0.93;false;0.0;LV5.201 Load 64;h0;f2f28fac-8947-4732-a3e7-67bbf4717a05;;;;cosPhiFixed:{(0.0,0.93)};3.2;72e8d72e-ab97-4b10-9846-28342ca2b9e0
8042f984-79f7-4f60-aec6-a5892e834472;0.93;false;0.0;LV5.201 Load 10;h0;1f6384f0-8c5a-4420-bd4b-a877eeb98e62;;;;cosPhiFixed:{(0.0,0.93)};3.2;
8106ffe3-93cd-4e8f-8d2a-4cdfc1affc8e;0.93;false;0.0;LV5.201 Load 96;h0;8827abe8-1457-49fc-b9b4-bfd02bac559d;;;;cosPhiFixed:{(0.0,0.93)};2.2;ba9097bf-9485-4e68-93cb-29bc55dc800a
3382766b-c266-44e9-96c9-e62b8f6fae4f;0.93;false;0.0;LV5.201 Load 125;h0;33056444-02ca-4d77-8f3f-bd706f1ad1e2;;;;cosPhiFixed:{(0.0,0.93)};5.3;
d8528aaa-586c-4217-9bdf-4752f535c338;0.93;false;0.0;LV5.201 Load 119;h0;5c960b71-a9a2-4a02-9aaf-1daa6d5aac6f;;;;cosPhiFixed:{(0.0,0.93)};3.2;
1d92acc0-4e3e-45be-9186-70855ff4a51d;0.93;false;0.0;LV5.201 Load 15;h0;69eb65ec-6330-4a70-9660-eefc83e1420a;;;;cosPhiFixed:{(0.0,0.93)};5.3;95d0c2e2-adda-4353-b673-b5b783462d97
5f46a1fb-0239-49e5-b50c-68f87804c770;0.93;false;0.0;LV5.201 Load 51;h0;807bb254-43ca-4a6c-b3b8-711230fc267c;;;;cosPhiFixed:{(0.0,0.93)};3.2;7c203e14-38a3-4c23-9a76-d545b5cb4158
b92f75c0-7b4a-409f-b025-dab968dbad65;0.93;false;0.0;LV5.201 Load 105;h0;cd195a9e-07f9-487f-a11e-182b844f5578;;;;cosPhiFixed:{(0.0,0.93)};5.3;
69e59401-dbc2-4369-aeb5-2317b87b4006;0.93;false;0.0;LV5.201 Load 84;h0;bb720cc7-9c4b-4de7-b084-4cfb223b66f7;;;;cosPhiFixed:{(0.0,0.93)};3.2;
e9d2bfe7-6bd4-4975-b879-db99e147b532;0.93;false;0.0;LV5.201 Load 31;h0;be79a799-146c-4395-8e87-4ad5cbe2a6f3;;;;cosPhiFixed:{(0.0,0.93)};1.1;
5cc359b8-5c25-43ea-b8d8-8bdfad59e5f0;0.93;false;0.0;LV5.201 Load 43;h0;f7eee9ce-76bc-4d8c-9b57-5dfd902851bd;;;;cosPhiFixed:{(0.0,0.93)};3.2;d9d26cdd-68d8-4316-9bb7-e5dd41e160e2
fb8e7d72-5eb7-4b19-ba78-d50dcb65a2de;0.93;false;0.0;LV5.201 Load 47;h0;ba5a0ff3-bfd0-423e-97c2-61f2dbcbdeed;;;;cosPhiFixed:{(0.0,0.93)};3.2;
8a735a29-1c7a-4a43-a3d1-fded8bed5225;0.93;false;0.0;LV5.201 Load 117;h0;d8427278-15e3-4dad-a401-42a429e417c9;;;;cosPhiFixed:{(0.0,0.93)};5.3;
1a629b85-eddf-470e-b946-a9d57b77362a;0.93;false;0.0;LV5.201 Load 63;h0;d3f163cf-2799-4b90-998f-0f7ad0d157ab;;;;cosPhiFixed:{(0.0,0.93)};3.2;
62b5dab0-a662-4ea6-987a-653dbb30cdd1;0.93;false;0.0;LV5.201 Load 71;h0;9ced183e-9e58-4e0b-a6d5-d2ade2851f40;;;;cosPhiFixed:{(0.0,0.93)};12.8;
d8f2a592-d424-4f87-8d30-76bcab543430;0.93;false;0.0;LV5.201 Load 14;h0;590b3ea0-e3bb-41e8-8552-9d516c78e546;;;;cosPhiFixed:{(0.0,0.93)};3.2;
ec138feb-9ddb-40a5-a5a1-f26e9a5ce88f;0.93;false;0.0;LV5.201 Load 21;h0;0161b428-c077-4970-99d5-c09c96e36326;;;;cosPhiFixed:{(0.0,0.93)};7.4;0430b221-2406-42cc-8109-136e5d402800
c44b2c56-659f-4c7f-b671-367dcf6eac70;0.93;false;0.0;LV5.201 Load 118;h0;3e48169e-b1b9-44db-be00-8e6a3214603a;;;;cosPhiFixed:{(0.0,0.93)};4.0;dbda943d-a23a-42cc-80bf-c754f1f81903
09fa895b-e2a5-461d-93a1-2ba31433ee4a;0.93;false;0.0;LV5.201 Load 18;h0;0d1e8712-220a-4fa7-8b9f-0bae058d4a8f;;;;cosPhiFixed:{(0.0,0.93)};2.2;32a0ef13-a29e-4698-be9a-3ab46a144c88
ba345d01-ebe2-4073-bd39-64ffaca7ba9e;0.93;false;0.0;LV5.201 Load 113;h0;c741ed49-0e34-4f4f-b4cb-778e8ac4fb9b;;;;cosPhiFixed:{(0.0,0.93)};5.3;
24aee38f-73f0-4cd6-bbd1-25fa973c9756;0.93;false;0.0;LV5.201 Load 28;h0;5dc512fa-fba7-4b4a-b6e6-8f2acabcb390;;;;cosPhiFixed:{(0.0,0.93)};4.3;
16a61925-cbd9-4247-a9c9-c7440a217c3a;0.93;false;0.0;LV5.201 Load 126;h0;c741ed49-0e34-4f4f-b4cb-778e8ac4fb9b;;;;cosPhiFixed:{(0.0,0.93)};11.7;
9b76cb57-34db-41ee-991a-f314103b72a2;0.93;false;0.0;LV5.201 Load 29;h0;3e1d29f2-c32f-4588-a786-54f0bc4c9ea1;;;;cosPhiFixed:{(0.0,0.93)};1.1;
b74cf68e-9b65-4894-97dc-b538bf226a30;0.93;false;0.0;LV5.201 Load 100;h0;5c960b71-a9a2-4a02-9aaf-1daa6d5aac6f;;;;cosPhiFixed:{(0.0,0.93)};4.3;
be8499bf-e8a0-4a91-aabb-f4317ae9b802;0.93;false;0.0;LV5.201 Load 69;h0;4ea6ea19-6591-4fe7-83bc-a770a9bf5121;;;;cosPhiFixed:{(0.0,0.93)};3.2;
38922613-a30b-40ec-9736-2d497819e068;0.93;false;0.0;LV5.201 Load 82;h0;8a34f537-b6b0-49c8-8fec-d16bfaac3655;;;;cosPhiFixed:{(0.0,0.93)};3.2;
794caa5b-14ff-4147-b915-a07d86c417a5;0.93;false;0.0;LV5.201 Load 108;h0;f417c658-f116-4e5f-a456-9d6fcbb0ac5d;;;;cosPhiFixed:{(0.0,0.93)};3.2;
9f801ad0-83ba-4ba9-8492-57f1e41c3818;0.93;false;0.0;LV5.201 Load 37;h0;fe74101e-3373-4efc-9508-8bd936650a55;;;;cosPhiFixed:{(0.0,0.93)};8.5;
a56262ae-feaa-472a-81ce-5e07dda59a28;0.93;false;0.0;LV5.201 Load 79;h0;5e43b119-0dcc-4e2d-8708-b601c598ba15;;;;cosPhiFixed:{(0.0,0.93)};3.2;
44fae5e8-aaf2-4f27-914f-d15557dc671b;0.93;false;0.0;LV5.201 Load 34;h0;37ec1281-96f9-4e0b-97c5-7506f932bd88;;;;cosPhiFixed:{(0.0,0.93)};4.3;
326f7d20-a995-43d5-ba6e-dfbc0cea38a3;0.93;false;0.0;LV5.201 Load 16;h0;d8427278-15e3-4dad-a401-42a429e417c9;;;;cosPhiFixed:{(0.0,0.93)};7.4;
19abc6df-dff0-4f27-8211-cfffab6f7666;0.93;false;0.0;LV5.201 Load 65;h0;f4f0af49-2cf1-46e9-a44d-4092708293dd;;;;cosPhiFixed:{(0.0,0.93)};3.2;
bf48e9a9-8d07-407e-b977-47d8fea0c221;0.93;false;0.0;LV5.201 Load 42;h0;9eeae57b-637c-48c6-87ee-532954173d1e;;;;cosPhiFixed:{(0.0,0.93)};3.2;
60aaf54c-9cc4-4009-b226-8eca4417555f;0.93;false;0.0;LV5.201 Load 19;h0;7fac6f5d-405f-4647-b935-00e18ff91b44;;;;cosPhiFixed:{(0.0,0.93)};3.2;
247e0e1e-97b7-4811-a84a-6d3cdc230af5;0.93;false;0.0;LV5.201 Load 7;h0;5534d20e-5257-4520-9191-2f1f2199a70c;;;;cosPhiFixed:{(0.0,0.93)};3.2;
ff3aea79-6a64-4148-bc19-3bb5155a05e0;0.93;false;0.0;LV5.201 Load 68;h0;d18fdacb-00cf-4a33-a2a4-7732528b06dc;;;;cosPhiFixed:{(0.0,0.93)};3.2;
639b3595-ff05-456c-999c-8ff3ba0e01c7;0.93;false;0.0;LV5.201 Load 98;h0;3ba570e3-e3b6-4ec7-81ce-1b8efdb772e6;;;;cosPhiFixed:{(0.0,0.93)};4.3;
3c0621f4-0977-4f3f-aa1a-6123b063a4f1;0.93;false;0.0;LV5.201 Load 62;h0;c741ed49-0e34-4f4f-b4cb-778e8ac4fb9b;;;;cosPhiFixed:{(0.0,0.93)};5.3;
ee5f229d-7752-4aa8-9db3-b1237c5e7b64;0.93;false;0.0;LV5.201 Load 33;h0;4d2056ba-e45f-4160-8601-f222bf33624d;;;;cosPhiFixed:{(0.0,0.93)};2.2;
67325ebc-1969-4d75-bd6a-5fe7f7200355;0.93;false;0.0;LV5.201 Load 86;h0;c95aeb44-591a-476a-ab95-2c2ed9cb6c9e;;;;cosPhiFixed:{(0.0,0.93)};3.2;
4acaa5ce-5a80-41d1-8785-09dbe2fbf899;0.93;false;0.0;LV5.201 Load 91;h0;8e391fa0-67f7-4aab-9bf0-a8c3b06630c1;;;;cosPhiFixed:{(0.0,0.93)};4.3;
e629a0b7-1206-4c4a-bc0e-7cec1f3d0ee9;0.93;false;0.0;LV5.201 Load 36;h0;f3b1b547-9847-44ca-8715-6b787869e4a2;;;;cosPhiFixed:{(0.0,0.93)};2.2;2e65b3cb-e0f2-490b-ae31-992940bf7db8
eca35b4a-e4a9-4de5-9ff8-5cd21fc71be2;0.93;false;0.0;LV5.201 Load 1;h0;3e48169e-b1b9-44db-be00-8e6a3214603a;;;;cosPhiFixed:{(0.0,0.93)};2.2;
0e2773c9-aa4a-4072-9aff-70399a30c097;0.93;false;0.0;LV5.201 Load 58;h0;f14dd1e2-d097-4e0d-98a2-78dd79d22ec4;;;;cosPhiFixed:{(0.0,0.93)};4.3;
83e514f4-5493-40b9-8f37-a532652664a0;0.93;false;0.0;LV5.201 Load 109;h0;1a9038f2-246a-4f30-82df-fd04391f6cef;;;;cosPhiFixed:{(0.0,0.93)};3.2;
42c8f5d1-e974-422e-9504-3beb7230554c;0.94;false;0.0;LV5.201 Load 123;h0;1a492f0b-c753-4dc4-bb73-eb9c0df342ca;;;;cosPhiFixed:{(0.0,0.94)};4.0;
27d58f83-f052-4679-abd9-13e35c703e89;0.93;false;0.0;LV5.201 Load 88;h0;70b2b789-684b-4eb5-bdf7-00f06fde771b;;;;cosPhiFixed:{(0.0,0.93)};5.3;
d9f10213-f3de-42af-a0ee-bcf1cd2bde9b;0.93;false;0.0;LV5.201 Load 83;h0;b5813a43-b239-4c66-a5cf-1ca1d5448178;;;;cosPhiFixed:{(0.0,0.93)};5.3;
